N,
-3.14159,0.153938
-3.14055,0.153938
-3.1374,0.1528908
-3.13531,0.1507964
-3.13531,0.148702
-3.13217,0.1466076
-3.12693,0.1350884
-3.12693,0.132994
-3.12588,0.1319468
-3.12588,0.1277582
-3.12798,0.1256638
-3.12903,0.1225222
-3.12274,0.1151918
-3.12274,0.1130974
-3.12379,0.1120502
-3.12274,0.105767
-3.12379,0.1047198
-3.11646,0.0963422
-3.11332,0.0963422
-3.10704,0.1026254
-3.10389,0.1026254
-3.10075,0.0994838
-3.08714,0.0942478
-3.07876,0.0890118
-3.07038,0.0816814
-3.07038,0.0565486
-3.06201,0.0544542
-3.03792,0.0544542
-3.03583,0.0565486
-3.03164,0.0575958
-3.01488,0.058643
-3.01488,0.0659734
-3.01593,0.0670206
-3.03059,0.0670206
-3.03478,0.069115
-3.04106,0.0753982
-3.04839,0.090059
-3.04839,0.0932006
-3.05572,0.0984366
-3.06829,0.1120502
-3.06829,0.116239
-3.05468,0.1298524
-3.04734,0.132994
-3.0442,0.1361356
-3.03478,0.1403244
-3.01802,0.143466
-3.0086,0.1549852
-3.0086,0.1570796
-3.0065,0.1602212
-3.0065,0.1623156
-3.00441,0.1654572
-3.00336,0.169646
-2.99708,0.1759292
-2.99184,0.1780236
-2.96881,0.1780236
-2.96147,0.1706932
-2.95205,0.1665044
-2.94577,0.1602212
-2.94577,0.153938
-2.94891,0.1497492
-2.94891,0.1455604
-2.94472,0.1413716
-2.94472,0.1392772
-2.94053,0.1340412
-2.93634,0.1235694
-2.92901,0.1151918
-2.92482,0.1141446
-2.91645,0.105767
-2.90597,0.1015782
-2.88922,0.084823
-2.87875,0.084823
-2.86513,0.0911062
-2.8599,0.095295
-2.84209,0.100531
-2.79706,0.1036726
-2.79392,0.1068142
-2.77717,0.1068142
-2.7667,0.1172862
-2.76146,0.1204278
-2.7667,0.121475
-2.77088,0.1193806
-2.78031,0.1193806
-2.78659,0.1225222
-2.79497,0.1235694
-2.80021,0.1277582
-2.80021,0.1476548
-2.79811,0.1507964
-2.79811,0.1528908
-2.79602,0.1570796
-2.78555,0.1675516
-2.78345,0.1706932
-2.78345,0.1727876
-2.77612,0.180118
-2.77612,0.1832596
-2.78136,0.1884956
-2.78555,0.19059
-2.80544,0.19059
-2.81382,0.1947788
-2.81906,0.1947788
-2.83581,0.200014
-2.84942,0.210486
-2.8578,0.218864
-2.85885,0.220958
-2.85885,0.2241
-2.86094,0.227242
-2.86094,0.230384
-2.86409,0.233526
-2.86513,0.24295
-2.86723,0.248186
-2.86723,0.2618
-2.86513,0.265988
-2.86513,0.270176
-2.86199,0.274366
-2.86199,0.277508
-2.8599,0.279602
-2.85885,0.286932
-2.85675,0.290074
-2.85675,0.292168
-2.85466,0.296356
-2.84,0.313112
-2.82324,0.319396
-2.80335,0.322536
-2.79602,0.327772
-2.76355,0.331962
-2.75099,0.335104
-2.72795,0.33615
-2.71538,0.325678
-2.71538,0.313112
-2.71119,0.30264
-2.71119,0.298452
-2.71015,0.297404
-2.71015,0.29112
-2.7091,0.290074
-2.7091,0.285884
-2.71224,0.281696
-2.71224,0.277508
-2.71329,0.27646
-2.71329,0.272272
-2.71434,0.271224
-2.71434,0.268082
-2.71643,0.265988
-2.71643,0.263894
-2.71748,0.262846
-2.71748,0.249234
-2.71538,0.246092
-2.71538,0.238762
-2.72062,0.234572
-2.72586,0.232478
-2.73423,0.225148
-2.73528,0.220958
-2.73842,0.217818
-2.74156,0.211534
-2.74156,0.203156
-2.7468,0.1926844
-2.74785,0.185354
-2.75308,0.1759292
-2.75308,0.1706932
-2.74785,0.1602212
-2.74261,0.153938
-2.74261,0.1507964
-2.74052,0.148702
-2.73842,0.143466
-2.73633,0.1413716
-2.73528,0.1424188
-2.73528,0.1633628
-2.73214,0.1665044
-2.73214,0.1685988
-2.729,0.1727876
-2.72481,0.1822124
-2.72271,0.1843068
-2.72062,0.19059
-2.70805,0.20211
-2.69234,0.20211
-2.69025,0.200014
-2.6892,0.1937316
-2.68816,0.1926844
-2.68816,0.174882
-2.69025,0.1717404
-2.69025,0.1685988
-2.69234,0.1654572
-2.69234,0.1623156
-2.69758,0.1528908
-2.69758,0.1476548
-2.69653,0.1466076
-2.6913,0.153938
-2.6913,0.1570796
-2.68711,0.1612684
-2.68711,0.1633628
-2.68397,0.1675516
-2.68397,0.1706932
-2.68187,0.1738348
-2.68187,0.1759292
-2.67873,0.180118
-2.67873,0.1822124
-2.66826,0.19059
-2.65569,0.19059
-2.6515,0.1884956
-2.63684,0.1759292
-2.63161,0.1685988
-2.63161,0.1424188
-2.64627,0.1277582
-2.6536,0.1246166
-2.65883,0.1183334
-2.65883,0.1130974
-2.65255,0.1068142
-2.63684,0.1078614
-2.62114,0.116239
-2.62114,0.1204278
-2.61904,0.1235694
-2.61904,0.126711
-2.61799,0.1277582
-2.61799,0.1308996
-2.61904,0.1319468
-2.61904,0.1445132
-2.61171,0.153938
-2.61171,0.1570796
-2.60962,0.159174
-2.60962,0.1612684
-2.59391,0.1769764
-2.58867,0.180118
-2.5426,0.1811652
-2.53841,0.1780236
-2.52375,0.1790708
-2.51851,0.1738348
-2.50385,0.1675516
-2.50175,0.16441
-2.49442,0.159174
-2.49233,0.1560324
-2.49233,0.1507964
-2.49024,0.1466076
-2.49024,0.1340412
-2.49547,0.1288052
-2.49757,0.1288052
-2.50594,0.1235694
-2.50909,0.1235694
-2.51223,0.1204278
-2.51223,0.1183334
-2.51013,0.116239
-2.49966,0.1120502
-2.48919,0.1120502
-2.48081,0.116239
-2.47767,0.116239
-2.47034,0.1120502
-2.46824,0.1089086
-2.46824,0.0942478
-2.47034,0.0911062
-2.47034,0.0869174
-2.47243,0.084823
-2.47243,0.0816814
-2.47558,0.0774926
-2.47558,0.074351
-2.47872,0.0701622
-2.47872,0.0670206
-2.47976,0.0659734
-2.47976,0.0607374
-2.48186,0.0575958
-2.48186,0.0544542
-2.48291,0.053407
-2.48291,0.036652
-2.48395,0.0356048
-2.48395,0.0303688
-2.48605,0.0282744
-2.49024,0.01989676
-2.49024,0.01256638
-2.48395,0.01151918
-2.47558,0.01570796
-2.46301,0.01570796
-2.44416,0.0031416
-2.43578,0.0031416
-2.43264,0.00628318
-2.43264,0.00942478
-2.42845,0.01361356
-2.42426,0.01361356
-2.41588,0.01675516
-2.40227,0.0272272
-2.40227,0.0303688
-2.40437,0.0345576
-2.40437,0.0397936
-2.40646,0.042935
-2.40646,0.0450294
-2.41065,0.0502654
-2.41065,0.0575958
-2.39808,0.069115
-2.38761,0.0764454
-2.38552,0.0764454
-2.37923,0.0827286
-2.37504,0.0837758
-2.36876,0.0890118
-2.36352,0.090059
-2.35515,0.0994838
-2.35305,0.1026254
-2.35305,0.1047198
-2.35724,0.1099558
-2.36667,0.1120502
-2.37609,0.1193806
-2.37714,0.121475
-2.37714,0.126711
-2.37923,0.1308996
-2.37923,0.1371828
-2.38133,0.1424188
-2.38552,0.1424188
-2.38761,0.1403244
-2.39389,0.13823
-2.41274,0.1371828
-2.41903,0.1413716
-2.42636,0.148702
-2.4274,0.153938
-2.43055,0.159174
-2.43055,0.1623156
-2.43159,0.1633628
-2.43159,0.169646
-2.44521,0.1822124
-2.45044,0.185354
-2.45463,0.185354
-2.46301,0.1884956
-2.47558,0.1895428
-2.49757,0.204204
-2.49861,0.20525
-2.49861,0.225148
-2.48919,0.236666
-2.47453,0.245044
-2.47139,0.248186
-2.46091,0.252374
-2.44521,0.252374
-2.4295,0.248186
-2.41903,0.248186
-2.41588,0.25028
-2.40751,0.251328
-2.39913,0.25447
-2.38552,0.25447
-2.38028,0.249234
-2.37714,0.248186
-2.36771,0.253422
-2.34468,0.260752
-2.33211,0.259704
-2.32268,0.255516
-2.3164,0.249234
-2.3164,0.230384
-2.31326,0.2241
-2.30698,0.218864
-2.28289,0.217818
-2.26823,0.225148
-2.25776,0.233526
-2.24938,0.23562
-2.23472,0.223054
-2.21796,0.21677
-2.21378,0.21677
-2.20435,0.210486
-2.19493,0.206298
-2.19178,0.203156
-2.19178,0.1989676
-2.19074,0.1968732
-2.1855,0.1916372
-2.1855,0.1874484
-2.18341,0.1832596
-2.17817,0.1769764
-2.17817,0.16441
-2.18131,0.1602212
-2.18131,0.1581268
-2.18341,0.153938
-2.18341,0.1507964
-2.1855,0.148702
-2.1855,0.1466076
-2.1876,0.1424188
-2.1876,0.1371828
-2.1855,0.1350884
-2.17084,0.1350884
-2.16456,0.1392772
-2.16456,0.143466
-2.16246,0.1455604
-2.16246,0.1497492
-2.15723,0.1560324
-2.15094,0.1665044
-2.14571,0.1717404
-2.14571,0.1864012
-2.14361,0.1895428
-2.14361,0.1916372
-2.13105,0.208392
-2.11429,0.2241
-2.09649,0.225148
-2.09021,0.218864
-2.08497,0.215722
-2.05355,0.213628
-2.04099,0.223054
-2.03889,0.226194
-2.01586,0.227242
-1.97501,0.226194
-1.97187,0.223054
-1.97187,0.20211
-1.95931,0.1884956
-1.9415,0.1874484
-1.93941,0.1895428
-1.93941,0.1947788
-1.93732,0.1968732
-1.91218,0.195826
-1.90799,0.1916372
-1.90799,0.1832596
-1.90381,0.1780236
-1.90381,0.1633628
-1.91114,0.1560324
-1.91951,0.1507964
-1.92475,0.1507964
-1.92999,0.1455604
-1.92999,0.143466
-1.93103,0.1424188
-1.93103,0.1308996
-1.93313,0.1288052
-1.93417,0.1246166
-1.93836,0.1193806
-1.94465,0.1141446
-1.97292,0.1015782
-1.97397,0.100531
-1.97397,0.0973894
-1.97606,0.095295
-1.97606,0.0911062
-1.97816,0.0879646
-1.97816,0.0764454
-1.97187,0.0712094
-1.96559,0.0701622
-1.95617,0.0659734
-1.94779,0.0575958
-1.9415,0.0450294
-1.93522,0.0408408
-1.92161,0.0408408
-1.91847,0.042935
-1.90695,0.0450294
-1.88496,0.0460766
-1.87134,0.0502654
-1.86611,0.0555014
-1.86506,0.0575958
-1.86506,0.0649262
-1.86192,0.0701622
-1.86192,0.0733038
-1.85982,0.0764454
-1.85982,0.0869174
-1.86506,0.0921534
-1.8682,0.0932006
-1.90485,0.0921534
-1.91637,0.0890118
-1.92056,0.0890118
-1.9237,0.0911062
-1.9237,0.1277582
-1.92265,0.1288052
-1.92265,0.1308996
-1.91218,0.1413716
-1.90381,0.143466
-1.90171,0.1455604
-1.88496,0.1528908
-1.87029,0.1560324
-1.85249,0.1633628
-1.8504,0.1675516
-1.83993,0.1780236
-1.83364,0.1822124
-1.82631,0.1979204
-1.81898,0.20525
-1.80956,0.208392
-1.79804,0.208392
-1.79385,0.20525
-1.76139,0.20525
-1.75196,0.206298
-1.74777,0.208392
-1.7195,0.208392
-1.71322,0.203156
-1.70588,0.200014
-1.664,0.1926844
-1.65876,0.1864012
-1.64724,0.1790708
-1.62525,0.1790708
-1.62316,0.1811652
-1.60012,0.1811652
-1.59488,0.1780236
-1.59383,0.1769764
-1.59383,0.1727876
-1.59279,0.1717404
-1.59279,0.1633628
-1.59174,0.1623156
-1.59174,0.1340412
-1.59279,0.132994
-1.59279,0.1193806
-1.58965,0.1141446
-1.58546,0.1099558
-1.58546,0.1078614
-1.58336,0.1036726
-1.58336,0.0879646
-1.58755,0.084823
-1.58965,0.079587
-1.58965,0.0712094
-1.58755,0.069115
-1.5865,0.063879
-1.58441,0.0617846
-1.56451,0.0617846
-1.55928,0.063879
-1.55404,0.069115
-1.54566,0.0733038
-1.54566,0.0858702
-1.54671,0.0869174
-1.54671,0.090059
-1.54776,0.0911062
-1.54776,0.0942478
-1.54881,0.0963422
-1.55614,0.1047198
-1.56032,0.1047198
-1.57394,0.1130974
-1.57917,0.1193806
-1.57917,0.121475
-1.58022,0.1225222
-1.58022,0.1256638
-1.58127,0.126711
-1.58232,0.132994
-1.58336,0.1340412
-1.58336,0.143466
-1.58232,0.1445132
-1.58232,0.1497492
-1.58127,0.1507964
-1.58127,0.1549852
-1.57394,0.16441
-1.56032,0.16441
-1.55614,0.1623156
-1.53519,0.159174
-1.52472,0.1497492
-1.51634,0.1497492
-1.51215,0.1476548
-1.49435,0.1476548
-1.48911,0.1455604
-1.48283,0.1455604
-1.47341,0.1413716
-1.46398,0.1455604
-1.4577,0.1455604
-1.45351,0.1413716
-1.45351,0.132994
-1.4577,0.1277582
-1.46189,0.1193806
-1.46503,0.116239
-1.47655,0.0984366
-1.49121,0.0837758
-1.4933,0.0837758
-1.50168,0.0785398
-1.50692,0.0733038
-1.51739,0.0565486
-1.52472,0.0492182
-1.52472,0.0471238
-1.531,0.0387464
-1.531,0.0335104
-1.52577,0.0282744
-1.51634,0.0240856
-1.51111,0.0240856
-1.50378,0.0356048
-1.50378,0.0376992
-1.50063,0.042935
-1.4933,0.0502654
-1.47864,0.0575958
-1.47027,0.0659734
-1.45979,0.0722566
-1.4556,0.0764454
-1.45246,0.0816814
-1.44409,0.090059
-1.44199,0.090059
-1.4399,0.0921534
-1.4399,0.0963422
-1.43885,0.0973894
-1.43885,0.1277582
-1.43571,0.1340412
-1.43047,0.1392772
-1.41895,0.1392772
-1.41581,0.1350884
-1.41581,0.1256638
-1.41476,0.1246166
-1.41476,0.1141446
-1.41581,0.1130974
-1.41581,0.1026254
-1.41686,0.1015782
-1.41686,0.0932006
-1.41791,0.0921534
-1.41791,0.0879646
-1.41895,0.0869174
-1.41895,0.0628318
-1.41581,0.0596902
-1.40429,0.0607374
-1.4001,0.063879
-1.38754,0.0670206
-1.38544,0.069115
-1.3844,0.074351
-1.38125,0.0764454
-1.38125,0.0785398
-1.37811,0.0827286
-1.37811,0.0994838
-1.3823,0.105767
-1.3823,0.1089086
-1.38544,0.1120502
-1.38754,0.1172862
-1.38963,0.1193806
-1.38963,0.1225222
-1.3844,0.1277582
-1.38125,0.1288052
-1.37602,0.1340412
-1.36764,0.1392772
-1.35822,0.1424188
-1.35507,0.1455604
-1.34146,0.1528908
-1.33937,0.1549852
-1.33937,0.1570796
-1.33832,0.1581268
-1.33832,0.1633628
-1.33727,0.16441
-1.33727,0.1685988
-1.33204,0.1727876
-1.3069,0.1822124
-1.29748,0.1822124
-1.25245,0.195826
-1.2315,0.195826
-1.22836,0.1979204
-1.22522,0.1979204
-1.22313,0.200014
-1.21161,0.203156
-1.20009,0.203156
-1.19904,0.20211
-1.19904,0.200014
-1.18229,0.1832596
-1.18229,0.1811652
-1.18124,0.180118
-1.18124,0.159174
-1.19799,0.143466
-1.21894,0.1308996
-1.24198,0.1130974
-1.24198,0.0994838
-1.24302,0.0984366
-1.24302,0.0963422
-1.24198,0.095295
-1.22522,0.0963422
-1.21894,0.1026254
-1.21475,0.1120502
-1.20847,0.1204278
-1.19904,0.1298524
-1.18229,0.1413716
-1.17286,0.1413716
-1.16763,0.13823
-1.15611,0.13823
-1.14354,0.1361356
-1.13411,0.1340412
-1.13097,0.1319468
-1.13097,0.1225222
-1.13411,0.1183334
-1.13411,0.116239
-1.13726,0.111003
-1.13726,0.1078614
-1.1383,0.1068142
-1.1383,0.0942478
-1.13726,0.0932006
-1.13097,0.0932006
-1.12783,0.095295
-1.11841,0.0973894
-1.11212,0.1036726
-1.10794,0.1120502
-1.10794,0.116239
-1.11003,0.1193806
-1.11003,0.1256638
-1.11108,0.126711
-1.11108,0.1288052
-1.11841,0.1371828
-1.12574,0.1413716
-1.13307,0.148702
-1.14668,0.1581268
-1.15506,0.1665044
-1.15506,0.1685988
-1.15715,0.1727876
-1.15715,0.1843068
-1.15087,0.1947788
-1.1383,0.207346
-1.13411,0.210486
-1.12783,0.212582
-1.11945,0.212582
-1.11003,0.204204
-1.1027,0.204204
-1.09642,0.1979204
-1.08699,0.1937316
-1.07338,0.1843068
-1.065,0.1811652
-1.05872,0.1759292
-1.05872,0.1717404
-1.05558,0.1654572
-1.05558,0.1623156
-1.05348,0.1581268
-1.05348,0.1403244
-1.05558,0.1371828
-1.05558,0.132994
-1.05662,0.1319468
-1.05662,0.1256638
-1.05348,0.1225222
-1.04929,0.1225222
-1.04824,0.1235694
-1.04824,0.1288052
-1.0472,0.1298524
-1.0472,0.1497492
-1.04615,0.1507964
-1.04615,0.1560324
-1.0451,0.1570796
-1.0451,0.16441
-1.0472,0.1665044
-1.0472,0.1717404
-1.04929,0.174882
-1.04929,0.1790708
-1.05139,0.1811652
-1.05139,0.1832596
-1.05348,0.185354
-1.05976,0.1979204
-1.05976,0.201062
-1.05872,0.20211
-1.05872,0.208392
-1.05662,0.210486
-1.04406,0.214676
-1.02625,0.215722
-1.02102,0.211534
-1.01473,0.208392
-1.01159,0.208392
-1.00322,0.203156
-0.996932,0.1968732
-0.995885,0.1937316
-0.99379,0.1916372
-0.992743,0.1874484
-0.984366,0.1769764
-0.974941,0.1759292
-0.965516,0.1759292
-0.957139,0.1832596
-0.956091,0.1874484
-0.950855,0.19059
-0.943525,0.19059
-0.9341,0.195826
-0.927817,0.1979204
-0.921534,0.1979204
-0.913156,0.207346
-0.901637,0.206298
-0.896401,0.20211
-0.895354,0.1989676
-0.889071,0.1926844
-0.889071,0.1780236
-0.891165,0.1759292
-0.891165,0.1727876
-0.89326,0.1706932
-0.89326,0.1675516
-0.894307,0.1665044
-0.894307,0.1602212
-0.889071,0.1528908
-0.884882,0.1445132
-0.872316,0.1403244
-0.866032,0.1403244
-0.863938,0.1424188
-0.863938,0.1476548
-0.864985,0.148702
-0.864985,0.1738348
-0.866032,0.174882
-0.866032,0.1874484
-0.859749,0.1937316
-0.849277,0.195826
-0.828333,0.195826
-0.823097,0.201062
-0.817861,0.201062
-0.805295,0.1884956
-0.805295,0.1685988
-0.806342,0.1675516
-0.806342,0.16441
-0.792729,0.1633628
-0.791681,0.16441
-0.791681,0.1780236
-0.790634,0.1790708
-0.790634,0.1832596
-0.789587,0.1843068
-0.787493,0.1926844
-0.785398,0.1947788
-0.785398,0.20211
-0.779115,0.208392
-0.771785,0.208392
-0.761313,0.1989676
-0.761313,0.1968732
-0.760265,0.195826
-0.760265,0.1790708
-0.759218,0.1780236
-0.759218,0.1727876
-0.758171,0.1717404
-0.758171,0.1654572
-0.757124,0.16441
-0.756077,0.1549852
-0.752935,0.1507964
-0.752935,0.148702
-0.750841,0.1466076
-0.734085,0.143466
-0.731991,0.1455604
-0.731991,0.148702
-0.730944,0.1497492
-0.728849,0.1581268
-0.733038,0.1623156
-0.733038,0.16441
-0.734085,0.1654572
-0.734085,0.1727876
-0.735133,0.1738348
-0.735133,0.1843068
-0.731991,0.1864012
-0.729897,0.19059
-0.725708,0.1947788
-0.720472,0.1979204
-0.714189,0.200014
-0.696386,0.200014
-0.689056,0.1947788
-0.677537,0.1832596
-0.674395,0.1811652
-0.668112,0.180118
-0.652404,0.1633628
-0.652404,0.1602212
-0.651357,0.159174
-0.65031,0.153938
-0.640885,0.1403244
-0.638791,0.132994
-0.632507,0.126711
-0.632507,0.1246166
-0.62413,0.1151918
-0.617847,0.1141446
-0.610516,0.105767
-0.609469,0.1036726
-0.609469,0.0869174
-0.610516,0.084823
-0.604233,0.079587
-0.600044,0.0785398
-0.591667,0.0733038
-0.589572,0.0764454
-0.589572,0.0816814
-0.594808,0.0879646
-0.594808,0.0942478
-0.590619,0.100531
-0.585383,0.1047198
-0.568628,0.105767
-0.566534,0.1078614
-0.564439,0.1078614
-0.562345,0.1120502
-0.558156,0.116239
-0.551873,0.116239
-0.54559,0.1151918
-0.542448,0.1120502
-0.542448,0.1078614
-0.544543,0.105767
-0.544543,0.0994838
-0.558156,0.084823
-0.573864,0.0827286
-0.570723,0.0764454
-0.566534,0.074351
-0.559203,0.074351
-0.55292,0.0764454
-0.548732,0.079587
-0.546637,0.0837758
-0.546637,0.090059
-0.543496,0.0963422
-0.540354,0.0994838
-0.535118,0.1015782
-0.535118,0.1078614
-0.534071,0.1089086
-0.525693,0.1078614
-0.523599,0.105767
-0.523599,0.1026254
-0.518363,0.0984366
-0.516268,0.0942478
-0.509985,0.0879646
-0.504749,0.0858702
-0.498466,0.079587
-0.491136,0.0764454
-0.483805,0.0701622
-0.483805,0.0659734
-0.484852,0.0649262
-0.483805,0.0607374
-0.47438,0.0523598
-0.473333,0.0502654
-0.473333,0.0471238
-0.472286,0.0460766
-0.472286,0.0397936
-0.471239,0.0376992
-0.466003,0.0324632
-0.45972,0.031416
-0.451342,0.02618
-0.444012,0.0240856
-0.44087,0.020944
-0.441917,0.01361356
-0.436681,0.00837758
-0.432493,0.01047198
-0.430398,0.01256638
-0.430398,0.01466076
-0.427257,0.01780236
-0.424115,0.01884956
-0.424115,0.0219912
-0.425162,0.0240856
-0.429351,0.0293216
-0.429351,0.0345576
-0.43354,0.0356048
-0.436681,0.031416
-0.44087,0.031416
-0.441917,0.0324632
-0.441917,0.0356048
-0.444012,0.0397936
-0.448201,0.0460766
-0.449248,0.0502654
-0.451342,0.0523598
-0.451342,0.0555014
-0.458673,0.0617846
-0.468097,0.0649262
-0.475428,0.0722566
-0.475428,0.0774926
-0.469145,0.0816814
-0.462861,0.0816814
-0.451342,0.084823
-0.450295,0.0858702
-0.450295,0.0932006
-0.445059,0.0984366
-0.445059,0.100531
-0.442965,0.1036726
-0.435634,0.1089086
-0.428304,0.1099558
-0.416785,0.1204278
-0.406313,0.1204278
-0.392699,0.1078614
-0.382227,0.1047198
-0.376991,0.0994838
-0.376991,0.0942478
-0.375944,0.0932006
-0.375944,0.090059
-0.37385,0.0879646
-0.357094,0.0827286
-0.348717,0.0753982
-0.341386,0.0722566
-0.335103,0.0670206
-0.334056,0.0680678
-0.334056,0.0753982
-0.33615,0.0774926
-0.337198,0.0827286
-0.349764,0.0963422
-0.366519,0.1099558
-0.367566,0.1120502
-0.367566,0.1225222
-0.366519,0.1235694
-0.366519,0.1256638
-0.356047,0.1350884
-0.341386,0.1350884
-0.334056,0.1319468
-0.331962,0.1298524
-0.329867,0.1204278
-0.319395,0.1130974
-0.315206,0.1183334
-0.306829,0.1183334
-0.304734,0.116239
-0.304734,0.1141446
-0.303687,0.1130974
-0.303687,0.1089086
-0.30264,0.1078614
-0.30264,0.1015782
-0.301593,0.100531
-0.301593,0.0984366
-0.296357,0.0921534
-0.296357,0.0879646
-0.300546,0.0837758
-0.300546,0.0816814
-0.301593,0.0806342
-0.301593,0.0701622
-0.305782,0.0670206
-0.313112,0.0670206
-0.317301,0.0628318
-0.318348,0.0565486
-0.322537,0.0555014
-0.324631,0.053407
-0.324631,0.0450294
-0.323584,0.0439822
-0.323584,0.0387464
-0.320442,0.0356048
-0.320442,0.0324632
-0.317301,0.0303688
-0.315206,0.0324632
-0.315206,0.0356048
-0.313112,0.0408408
-0.299498,0.0544542
-0.287979,0.0544542
-0.284838,0.0523598
-0.284838,0.0460766
-0.285885,0.0450294
-0.285885,0.036652
-0.298451,0.0251328
-0.306829,0.01989676
-0.306829,0.01675516
-0.304734,0.01256638
-0.301593,0.01047198
-0.296357,0.01256638
-0.291121,0.01675516
-0.287979,0.0219912
-0.286932,0.02618
-0.280649,0.031416
-0.27646,0.0376992
-0.275413,0.041888
-0.272271,0.0450294
-0.246091,0.0460766
-0.243997,0.0439822
-0.243997,0.0376992
-0.24295,0.036652
-0.24295,0.0282744
-0.243997,0.0272272
-0.243997,0.0240856
-0.248186,0.01989676
-0.248186,0.01570796
-0.247139,0.01466076
-0.243997,0.01466076
-0.239808,0.01780236
-0.228289,0.020944
-0.229336,0.0240856
-0.234572,0.0303688
-0.233525,0.036652
-0.230383,0.0397936
-0.233525,0.0408408
-0.237714,0.0450294
-0.237714,0.0471238
-0.236667,0.048171
-0.231431,0.0492182
-0.230383,0.0555014
-0.229336,0.0565486
-0.230383,0.0575958
-0.239808,0.0575958
-0.252375,0.0502654
-0.261799,0.0502654
-0.270177,0.053407
-0.275413,0.0575958
-0.275413,0.063879
-0.270177,0.0701622
-0.257611,0.079587
-0.248186,0.0890118
-0.256563,0.0973894
-0.263894,0.1015782
-0.264941,0.100531
-0.264941,0.0963422
-0.265988,0.095295
-0.265988,0.0921534
-0.268083,0.0890118
-0.268083,0.0869174
-0.273319,0.079587
-0.283791,0.079587
-0.285885,0.0816814
-0.286932,0.0837758
-0.286932,0.0932006
-0.285885,0.0942478
-0.285885,0.0973894
-0.283791,0.1015782
-0.284838,0.111003
-0.281696,0.116239
-0.281696,0.1225222
-0.275413,0.1277582
-0.251327,0.132994
-0.245044,0.1371828
-0.233525,0.1371828
-0.2241,0.132994
-0.212581,0.132994
-0.20944,0.1350884
-0.191637,0.1340412
-0.185354,0.1319468
-0.182212,0.1288052
-0.181165,0.126711
-0.181165,0.1204278
-0.180118,0.1193806
-0.165457,0.1172862
-0.16441,0.116239
-0.16441,0.111003
-0.159174,0.1078614
-0.159174,0.105767
-0.16441,0.0994838
-0.16441,0.0973894
-0.170693,0.0921534
-0.168599,0.0890118
-0.158127,0.0869174
-0.156032,0.0921534
-0.153938,0.0942478
-0.134041,0.0942478
-0.128805,0.0879646
-0.123569,0.0858702
-0.119381,0.090059
-0.125664,0.0973894
-0.125664,0.1130974
-0.127758,0.1151918
-0.126711,0.1288052
-0.120428,0.1361356
-0.11205,0.13823
-0.0984366,0.13823
-0.0890118,0.1288052
-0.0890118,0.1193806
-0.0932006,0.1151918
-0.095295,0.1099558
-0.100531,0.1068142
-0.100531,0.100531
-0.0984366,0.0973894
-0.0984366,0.095295
-0.0963422,0.0921534
-0.0963422,0.0890118
-0.095295,0.0879646
-0.095295,0.0617846
-0.0932006,0.058643
-0.0911062,0.0596902
-0.0911062,0.0701622
-0.090059,0.0712094
-0.090059,0.0764454
-0.0890118,0.0785398
-0.0911062,0.0806342
-0.0911062,0.0932006
-0.0942478,0.0963422
-0.0942478,0.1047198
-0.0858702,0.1130974
-0.0816814,0.1089086
-0.079587,0.1099558
-0.079587,0.121475
-0.0785398,0.1225222
-0.0785398,0.126711
-0.069115,0.1371828
-0.0596903,0.1371828
-0.0544543,0.1350884
-0.0439823,0.1246166
-0.0439823,0.1099558
-0.0460767,0.1078614
-0.0523599,0.1068142
-0.0544543,0.1047198
-0.0534071,0.1036726
-0.0534071,0.1015782
-0.0492183,0.0973894
-0.0356047,0.0984366
-0.0335103,0.100531
-0.0335103,0.1026254
-0.0324631,0.1036726
-0.0324631,0.116239
-0.0303687,0.1183334
-0.0272271,0.1183334
-0.0251327,0.116239
-0.0230383,0.1172862
-0.00418879,0.116239
-0.00418879,0.1068142
-0.00837758,0.1015782
-0.00837758,0.0994838
-0.0115192,0.095295
-0.0115192,0.0932006
-0.0230383,0.0827286
-0.0345575,0.079587
-0.0335103,0.0722566
-0.0314159,0.0701622
-0.0219911,0.0701622
-0.0188496,0.0670206
-0.0125664,0.074351
-0.0125664,0.0785398
0.00418879,0.0932006
0.00418879,0.0994838
0.00314159,0.100531
0.0020944,0.105767
0,0.1089086
0,0.116239
0.0010472,0.1172862
0.00314159,0.1183334
0.010472,0.1172862
0.020944,0.1089086
0.0356047,0.1047198
0.0397935,0.100531
0.0397935,0.0973894
0.0429351,0.0932006
0.0429351,0.0827286
0.0408407,0.0806342
0.0408407,0.0753982
0.0376991,0.0722566
0.0376991,0.069115
0.0366519,0.0680678
0.0366519,0.0617846
0.0408407,0.0575958
0.0429351,0.053407
0.0429351,0.048171
0.0418879,0.0471238
0.0429351,0.042935
0.0502655,0.0345576
0.0555015,0.0335104
0.0575959,0.031416
0.0575959,0.0251328
0.0513127,0.01884956
0.0513127,0.01361356
0.0523599,0.01256638
0.0523599,0.00942478
0.0544543,0.00628318
0.0617847,0.00628318
0.0670206,0.00942478
0.0659734,0.01047198
0.0659734,0.01466076
0.0649262,0.01570796
0.0649262,0.0219912
0.069115,0.02618
0.079587,0.0282744
0.0816814,0.0324632
0.0816814,0.0356048
0.0774926,0.0387464
0.0670206,0.0397936
0.0555015,0.0523598
0.0492183,0.053407
0.0450295,0.0575958
0.0439823,0.0596902
0.0439823,0.0764454
0.0460767,0.0785398
0.0513127,0.0785398
0.0607375,0.074351
0.0628319,0.0722566
0.0628319,0.0701622
0.0712094,0.0607374
0.0858702,0.0544542
0.0932006,0.0460766
0.0984366,0.0439822
0.0994838,0.0387464
0.102625,0.0345576
0.114145,0.0293216
0.118333,0.0230384
0.127758,0.0240856
0.128805,0.0251328
0.128805,0.0272272
0.125664,0.0303688
0.111003,0.036652
0.101578,0.0471238
0.0994838,0.0471238
0.0963422,0.0502654
0.095295,0.0544542
0.0932006,0.0565486
0.079587,0.0628318
0.0753982,0.0670206
0.0753982,0.069115
0.0733038,0.0733038
0.0712094,0.0753982
0.0649262,0.0774926
0.0607375,0.0806342
0.0544543,0.0806342
0.0513127,0.0837758
0.0513127,0.0858702
0.0523599,0.0869174
0.0460767,0.0984366
0.0439823,0.100531
0.0439823,0.111003
0.0481711,0.1141446
0.0628319,0.1151918
0.0701622,0.1078614
0.0712094,0.1047198
0.074351,0.1015782
0.100531,0.100531
0.109956,0.090059
0.118333,0.090059
0.122522,0.095295
0.137183,0.095295
0.143466,0.0879646
0.143466,0.0837758
0.144513,0.0827286
0.144513,0.0785398
0.141372,0.0733038
0.141372,0.0712094
0.13823,0.0680678
0.13823,0.0628318
0.139277,0.0617846
0.139277,0.0544542
0.142419,0.0523598
0.147655,0.0555014
0.147655,0.0680678
0.149749,0.0733038
0.149749,0.0774926
0.148702,0.0785398
0.148702,0.0890118
0.154985,0.0942478
0.178024,0.0921534
0.179071,0.0942478
0.176976,0.0973894
0.176976,0.1036726
0.18326,0.1078614
0.19059,0.1151918
0.195826,0.116239
0.202109,0.1235694
0.206298,0.1235694
0.211534,0.1193806
0.21677,0.1183334
0.218864,0.1204278
0.223053,0.1204278
0.2241,0.121475
0.223053,0.1225222
0.223053,0.1246166
0.226195,0.1277582
0.245044,0.1288052
0.247139,0.1308996
0.261799,0.1288052
0.270177,0.1225222
0.270177,0.1193806
0.268083,0.1172862
0.268083,0.1089086
0.272271,0.1036726
0.274366,0.1068142
0.274366,0.1089086
0.281696,0.1151918
0.284838,0.1141446
0.284838,0.1036726
0.286932,0.1026254
0.289027,0.1047198
0.289027,0.1277582
0.292168,0.1308996
0.300546,0.1308996
0.308923,0.1277582
0.313112,0.1235694
0.313112,0.1151918
0.314159,0.1141446
0.325678,0.1172862
0.351858,0.1172862
0.356047,0.1120502
0.356047,0.1089086
0.357094,0.1078614
0.357094,0.0994838
0.361283,0.0942478
0.367566,0.0827286
0.372802,0.0858702
0.372802,0.0911062
0.369661,0.0963422
0.369661,0.100531
0.368614,0.1026254
0.36233,0.1089086
0.36233,0.1130974
0.363378,0.1141446
0.363378,0.116239
0.365472,0.1183334
0.391652,0.1172862
0.395841,0.1193806
0.417832,0.1183334
0.424115,0.1099558
0.424115,0.1078614
0.425162,0.1068142
0.425162,0.1026254
0.43354,0.0963422
0.434587,0.0942478
0.434587,0.0837758
0.438776,0.0806342
0.452389,0.0816814
0.450295,0.084823
0.450295,0.0879646
0.461814,0.0942478
0.462861,0.0963422
0.462861,0.1078614
0.470192,0.1141446
0.492183,0.1151918
0.494277,0.1130974
0.494277,0.0942478
0.495324,0.0932006
0.515221,0.1141446
0.522552,0.1151918
0.523599,0.1141446
0.523599,0.111003
0.525693,0.1089086
0.550826,0.0994838
0.559203,0.0911062
0.559203,0.0890118
0.561298,0.0869174
0.561298,0.0827286
0.560251,0.0816814
0.559203,0.0753982
0.557109,0.0722566
0.557109,0.0492182
0.558156,0.048171
0.573864,0.0628318
0.577006,0.0680678
0.577006,0.0712094
0.578053,0.0722566
0.578053,0.0753982
0.5791,0.0774926
0.584336,0.0827286
0.588525,0.0827286
0.589572,0.0816814
0.589572,0.074351
0.594808,0.063879
0.594808,0.0596902
0.596903,0.0565486
0.596903,0.0544542
0.598997,0.0523598
0.60528,0.0513126
0.610516,0.0460766
0.614705,0.0450294
0.620988,0.0356048
0.628319,0.0303688
0.629366,0.031416
0.629366,0.0335104
0.627271,0.036652
0.613658,0.0502654
0.610516,0.0502654
0.606327,0.0565486
0.606327,0.0680678
0.607375,0.069115
0.607375,0.0733038
0.608422,0.074351
0.608422,0.0764454
0.615752,0.0827286
0.630413,0.0816814
0.640885,0.0722566
0.66497,0.069115
0.67649,0.0617846
0.684867,0.0628318
0.692198,0.0670206
0.698481,0.074351
0.700575,0.079587
0.706858,0.0858702
0.711047,0.0879646
0.723614,0.0869174
0.730944,0.095295
0.745605,0.0994838
0.747699,0.1015782
0.76969,0.1015782
0.777021,0.1089086
0.789587,0.1089086
0.794823,0.1068142
0.804248,0.0973894
0.804248,0.095295
0.805295,0.0942478
0.805295,0.090059
0.807389,0.0879646
0.808437,0.0827286
0.811578,0.0774926
0.811578,0.0712094
0.810531,0.0701622
0.810531,0.0649262
0.801106,0.0596902
0.799012,0.0513126
0.794823,0.048171
0.782257,0.0471238
0.774926,0.0523598
0.764454,0.0523598
0.759218,0.0492182
0.770737,0.048171
0.775973,0.0450294
0.775973,0.041888
0.76969,0.0376992
0.76969,0.031416
0.768643,0.0303688
0.768643,0.0282744
0.766549,0.02618
0.766549,0.01989676
0.768643,0.01780236
0.775973,0.020944
0.778068,0.0230384
0.778068,0.02618
0.779115,0.0272272
0.78854,0.0272272
0.792729,0.0230384
0.793776,0.01884956
0.799012,0.01361356
0.799012,0.01047198
0.801106,0.00837758
0.806342,0.01151918
0.806342,0.01675516
0.801106,0.0219912
0.801106,0.0240856
0.79587,0.031416
0.79587,0.0345576
0.801106,0.0356048
0.807389,0.0324632
0.81472,0.0251328
0.81472,0.01989676
0.819956,0.01570796
0.831475,0.01675516
0.832522,0.01780236
0.832522,0.01989676
0.82938,0.020944
0.825192,0.0251328
0.825192,0.0356048
0.823097,0.0376992
0.823097,0.0397936
0.821003,0.0439822
0.821003,0.0513126
0.826239,0.0555014
0.832522,0.0555014
0.835664,0.0523598
0.845088,0.053407
0.846136,0.0544542
0.846136,0.0575958
0.839852,0.0649262
0.825192,0.0649262
0.819956,0.0670206
0.816814,0.0701622
0.816814,0.0753982
0.81472,0.079587
0.81472,0.0858702
0.811578,0.0879646
0.810531,0.0932006
0.807389,0.0984366
0.807389,0.100531
0.784351,0.1183334
0.784351,0.121475
0.781209,0.1277582
0.781209,0.1319468
0.783304,0.1340412
0.783304,0.1392772
0.779115,0.1455604
0.771785,0.1528908
0.771785,0.1623156
0.773879,0.1665044
0.773879,0.1717404
0.782257,0.1790708
0.794823,0.1790708
0.799012,0.174882
0.799012,0.1727876
0.800059,0.1717404
0.802153,0.1717404
0.812625,0.1612684
0.812625,0.1570796
0.81472,0.1549852
0.821003,0.1507964
0.825192,0.1497492
0.833569,0.1424188
0.836711,0.1424188
0.854513,0.159174
0.856608,0.1623156
0.856608,0.1654572
0.857655,0.1665044
0.857655,0.1706932
0.859749,0.174882
0.86708,0.1832596
0.873363,0.1937316
0.880693,0.201062
0.884882,0.207346
0.884882,0.210486
0.886976,0.213628
0.892212,0.218864
0.904779,0.218864
0.90792,0.217818
0.910015,0.215722
0.910015,0.213628
0.906873,0.20944
0.906873,0.207346
0.904779,0.204204
0.904779,0.1916372
0.902684,0.1874484
0.902684,0.1822124
0.90059,0.1769764
0.90059,0.169646
0.898495,0.1654572
0.898495,0.1623156
0.896401,0.159174
0.896401,0.1560324
0.891165,0.1455604
0.889071,0.143466
0.889071,0.1413716
0.886976,0.1371828
0.886976,0.1204278
0.885929,0.1193806
0.885929,0.1141446
0.88174,0.1089086
0.879646,0.1036726
0.879646,0.0869174
0.878599,0.0858702
0.878599,0.0764454
0.879646,0.0753982
0.880693,0.069115
0.891165,0.0565486
0.904779,0.053407
0.911062,0.053407
0.913156,0.0555014
0.908967,0.0596902
0.90059,0.0628318
0.895354,0.0680678
0.895354,0.0701622
0.89326,0.0722566
0.89326,0.0764454
0.891165,0.0785398
0.891165,0.0858702
0.894307,0.0890118
0.896401,0.0890118
0.905826,0.0816814
0.911062,0.0806342
0.919439,0.090059
0.919439,0.0942478
0.918392,0.095295
0.918392,0.0984366
0.916298,0.100531
0.916298,0.1036726
0.929911,0.1141446
0.940383,0.116239
0.951903,0.1225222
0.968658,0.121475
0.973894,0.1183334
0.983319,0.1089086
0.983319,0.105767
0.982271,0.1047198
0.982271,0.100531
0.983319,0.0994838
0.982271,0.0984366
0.982271,0.0942478
0.983319,0.0932006
0.983319,0.0858702
0.978083,0.0816814
0.978083,0.079587
0.977035,0.0785398
0.977035,0.074351
0.974941,0.0722566
0.974941,0.0649262
0.97913,0.0575958
0.983319,0.058643
0.985413,0.0607374
0.994838,0.0617846
1.00322,0.0680678
1.00531,0.0680678
1.01159,0.0722566
1.01473,0.0722566
1.01788,0.0753982
1.02311,0.0764454
1.02416,0.0785398
1.02206,0.0806342
1.01578,0.079587
1.00636,0.074351
0.996932,0.074351
0.992743,0.0764454
0.989602,0.079587
0.989602,0.0816814
0.988554,0.0827286
0.988554,0.0869174
0.987507,0.0879646
0.987507,0.0973894
0.98646,0.0984366
0.98646,0.1068142
0.990649,0.1120502
0.990649,0.1151918
0.992743,0.1172862
0.990649,0.1193806
0.990649,0.121475
0.992743,0.1235694
1.00007,0.1256638
1.0095,0.1340412
1.02625,0.1340412
1.03358,0.132994
1.03987,0.1298524
1.04196,0.126711
1.04196,0.1235694
1.04301,0.1225222
1.04301,0.1193806
1.04406,0.1172862
1.05243,0.111003
1.05243,0.1078614
1.05034,0.105767
1.03987,0.1036726
1.04196,0.0984366
1.04406,0.0963422
1.05348,0.0921534
1.065,0.0921534
1.07128,0.0858702
1.07128,0.0806342
1.07233,0.079587
1.09537,0.074351
1.10165,0.0712094
1.1027,0.0701622
1.1027,0.0649262
1.10479,0.0628318
1.10479,0.0596902
1.11212,0.053407
1.11212,0.0450294
1.11108,0.0439822
1.1027,0.042935
1.09642,0.036652
1.09642,0.0345576
1.09537,0.0335104
1.0849,0.0272272
1.0849,0.0251328
1.08071,0.01989676
1.08071,0.01570796
1.07966,0.01466076
1.07652,0.01256638
1.07233,0.01256638
1.06186,0.00523598
1.06186,0.0031416
1.06709,-0.001047198
1.06709,-0.00837758
1.065,-0.01047198
1.05872,-0.01047198
1.05243,-0.00837758
1.03463,-0.00837758
1.02835,-0.01151918
1.03358,-0.01780236
1.03358,-0.01989676
1.03254,-0.020944
1.02835,-0.020944
1.02521,-0.0230384
1.01578,-0.0251328
1.01369,-0.0272272
1.01369,-0.0324632
1.01683,-0.0387464
1.02416,-0.036652
1.03882,-0.0376992
1.03882,-0.0397936
1.04091,-0.042935
1.04091,-0.048171
1.03882,-0.0502654
1.03463,-0.053407
1.02311,-0.053407
1.01892,-0.0565486
1.02311,-0.0628318
1.03673,-0.0649262
1.0451,-0.0596902
1.06186,-0.058643
1.07128,-0.0513126
1.08385,-0.048171
1.09537,-0.041888
1.09327,-0.0387464
1.09327,-0.0230384
1.0849,-0.01675516
1.07757,-0.01466076
1.07338,-0.01047198
1.07128,-0.00628318
1.07128,0.0020944
1.07338,0.0041888
1.08176,0.0041888
1.08909,0.00942478
1.08909,0.0240856
1.09013,0.02618
1.1006,0.0324632
1.10689,0.0397936
1.11003,0.0397936
1.11631,0.0439822
1.12469,0.0439822
1.13202,0.0376992
1.13202,0.0335104
1.12783,0.0282744
1.12469,0.0282744
1.11212,0.0230384
1.12364,0.01989676
1.12364,0.01780236
1.1205,0.01570796
1.1205,0.01361356
1.12364,0.00942478
1.12574,0.01047198
1.12574,0.01570796
1.12678,0.01675516
1.13516,0.01675516
1.1404,0.01989676
1.16029,0.01989676
1.16763,0.01570796
1.17077,0.01884956
1.16972,0.020944
1.16344,0.0251328
1.1582,0.0240856
1.15506,0.0282744
1.14773,0.0324632
1.14773,0.0376992
1.16239,0.0387464
1.16239,0.036652
1.16344,0.0356048
1.17077,0.0439822
1.17286,0.0439822
1.18124,0.0523598
1.18438,0.053407
1.18647,0.0555014
1.18647,0.0575958
1.19904,0.058643
1.20009,0.0575958
1.20009,0.0555014
1.19904,0.0544542
1.19171,0.0523598
1.18438,0.0439822
1.18229,0.0439822
1.16553,0.031416
1.16867,0.0293216
1.1781,0.0356048
1.18647,0.0356048
1.18647,0.0335104
1.18752,0.0324632
1.17914,0.0251328
1.17914,0.0230384
1.18124,0.020944
1.18438,0.0230384
1.18857,0.0230384
1.19276,0.0272272
1.19485,0.02618
1.20009,0.0324632
1.20009,0.0345576
1.20742,0.0387464
1.21056,0.0387464
1.2137,0.036652
1.2137,0.0335104
1.21056,0.0282744
1.21056,0.02618
1.20532,0.0251328
1.19485,0.01884956
1.18333,0.00628318
1.18333,0.0020944
1.18229,0.001047198
1.18333,0
1.19066,0.001047198
1.19276,0.0041888
1.19276,0.00942478
1.20218,0.01570796
1.21265,0.01570796
1.21475,0.00733038
1.22313,-0.001047198
1.22732,0.001047198
1.24826,0.001047198
1.25245,-0.0031416
1.25454,-0.0031416
1.25873,0.0020944
1.26292,0.0041888
1.26187,0.01151918
1.26083,0.01256638
1.2514,0.01361356
1.24407,0.01047198
1.24093,0.00628318
1.22732,0.00628318
1.22208,0.01151918
1.22208,0.01570796
1.22313,0.01675516
1.22313,0.0219912
1.23569,0.0376992
1.23569,0.0397936
1.23883,0.041888
1.25035,0.041888
1.25768,0.0356048
1.26397,0.0335104
1.26501,0.0345576
1.26501,0.036652
1.25873,0.0439822
1.25245,0.0439822
1.25035,0.0492182
1.24512,0.0523598
1.24302,0.0523598
1.23883,0.048171
1.22836,0.048171
1.22417,0.0513126
1.22313,0.0544542
1.22103,0.0565486
1.21894,0.0565486
1.20951,0.0628318
1.20951,0.0680678
1.22732,0.0733038
1.23255,0.0733038
1.2336,0.0753982
1.24302,0.0816814
1.24721,0.0816814
1.24721,0.079587
1.24512,0.0774926
1.24617,0.0764454
1.25035,0.0764454
1.25454,0.079587
1.25873,0.079587
1.26711,0.074351
1.27444,0.0670206
1.27653,0.0670206
1.28177,0.0722566
1.28386,0.0753982
1.28386,0.0774926
1.29119,0.0785398
1.29119,0.0753982
1.28805,0.0733038
1.28805,0.0712094
1.28491,0.0680678
1.28491,0.0649262
1.28386,0.063879
1.28805,0.0596902
1.29957,0.0628318
1.31633,0.0722566
1.31633,0.0764454
1.31528,0.0774926
1.30795,0.0774926
1.30481,0.0753982
1.29957,0.0764454
1.29957,0.0806342
1.30376,0.0827286
1.309,0.0879646
1.30795,0.0890118
1.29748,0.0879646
1.29119,0.084823
1.26501,0.084823
1.26187,0.0911062
1.25559,0.0963422
1.24617,0.0963422
1.24302,0.0932006
1.23569,0.090059
1.22522,0.0764454
1.20428,0.0753982
1.20323,0.074351
1.20428,0.0733038
1.20323,0.0670206
1.20114,0.063879
1.18962,0.0628318
1.18019,0.0565486
1.1781,0.0565486
1.17496,0.0523598
1.16867,0.0523598
1.16029,0.048171
1.13307,0.048171
1.12888,0.0502654
1.11841,0.0502654
1.11108,0.0596902
1.11108,0.0670206
1.09537,0.0837758
1.09118,0.0858702
1.07861,0.0858702
1.07652,0.0879646
1.07652,0.0963422
1.07128,0.1015782
1.07128,0.1141446
1.07547,0.121475
1.07547,0.126711
1.08176,0.1340412
1.08385,0.1371828
1.08385,0.1392772
1.08804,0.1445132
1.08804,0.1497492
1.0828,0.1581268
1.0828,0.16441
1.08071,0.1675516
1.08071,0.1864012
1.08385,0.1895428
1.11422,0.1884956
1.12469,0.1769764
1.12469,0.1738348
1.12678,0.1706932
1.13097,0.1706932
1.14773,0.1612684
1.14878,0.159174
1.14878,0.153938
1.15192,0.148702
1.16029,0.1392772
1.16344,0.13823
1.16448,0.1392772
1.16344,0.1403244
1.16344,0.1455604
1.16553,0.1476548
1.17286,0.148702
1.18019,0.1528908
1.20114,0.153938
1.20637,0.1497492
1.22627,0.1497492
1.22732,0.1507964
1.21684,0.1602212
1.19485,0.16441
1.18333,0.1759292
1.18333,0.1780236
1.18647,0.180118
1.18752,0.1843068
1.1959,0.1926844
1.20847,0.1916372
1.2137,0.1926844
1.21999,0.1979204
1.22208,0.203156
1.23046,0.20525
1.23988,0.215722
1.24512,0.218864
1.25873,0.217818
1.2692,0.207346
1.27235,0.206298
1.27653,0.20211
1.27653,0.195826
1.27863,0.1926844
1.27863,0.1790708
1.27653,0.1769764
1.27653,0.1727876
1.28596,0.1717404
1.2891,0.1759292
1.2891,0.1811652
1.29224,0.1843068
1.29852,0.185354
1.29852,0.1947788
1.29224,0.200014
1.29015,0.200014
1.28701,0.203156
1.28596,0.206298
1.27339,0.218864
1.27339,0.223054
1.27444,0.2241
1.28072,0.2241
1.29329,0.218864
1.30586,0.217818
1.31004,0.213628
1.31004,0.211534
1.31109,0.210486
1.31109,0.206298
1.31214,0.20525
1.31214,0.201062
1.31423,0.1989676
1.31947,0.195826
1.34041,0.1916372
1.34251,0.1895428
1.34251,0.1874484
1.34355,0.1864012
1.34355,0.1843068
1.34565,0.1822124
1.34565,0.180118
1.34879,0.1769764
1.35088,0.1769764
1.35507,0.1738348
1.37288,0.174882
1.3823,0.1706932
1.3844,0.1685988
1.3844,0.1665044
1.38021,0.1633628
1.38021,0.1612684
1.38125,0.1602212
1.38125,0.1507964
1.37497,0.1466076
1.36973,0.1455604
1.37392,0.1424188
1.37811,0.1424188
1.38125,0.1392772
1.38125,0.1361356
1.37811,0.132994
1.38754,0.1277582
1.40429,0.1246166
1.41162,0.116239
1.42209,0.1130974
1.42419,0.1151918
1.42419,0.1193806
1.42314,0.1204278
1.41267,0.1225222
1.40743,0.1277582
1.4022,0.1298524
1.39591,0.1361356
1.39591,0.1424188
1.39696,0.143466
1.40324,0.143466
1.41162,0.1507964
1.41581,0.1507964
1.42314,0.1466076
1.43047,0.153938
1.43885,0.1570796
1.4577,0.1570796
1.46398,0.1507964
1.47236,0.1518436
1.4755,0.153938
1.47655,0.1560324
1.47655,0.159174
1.48388,0.1633628
1.49226,0.1654572
1.51006,0.16441
1.52681,0.1654572
1.54043,0.1780236
1.54462,0.1790708
1.54985,0.1832596
1.55299,0.1832596
1.55614,0.180118
1.56765,0.180118
1.57603,0.1864012
1.58965,0.1864012
1.59698,0.1884956
1.60221,0.1926844
1.61792,0.1926844
1.62106,0.1895428
1.62106,0.1874484
1.62001,0.1864012
1.62001,0.1822124
1.60954,0.174882
1.60431,0.1685988
1.60221,0.16441
1.60221,0.1581268
1.59802,0.1518436
1.59802,0.13823
1.59698,0.1371828
1.59802,0.1193806
1.59593,0.1151918
1.59279,0.1120502
1.59279,0.1089086
1.59383,0.1078614
1.6064,0.1183334
1.6064,0.1350884
1.60745,0.1361356
1.60745,0.143466
1.60954,0.1466076
1.60954,0.148702
1.61059,0.1497492
1.61059,0.1549852
1.61478,0.1623156
1.61583,0.1685988
1.6242,0.174882
1.63677,0.1759292
1.64515,0.1822124
1.66295,0.1822124
1.67866,0.1717404
1.67761,0.1602212
1.6797,0.1549852
1.6797,0.1403244
1.67866,0.1392772
1.67866,0.1350884
1.67761,0.1340412
1.67761,0.1288052
1.69332,0.1130974
1.69332,0.1099558
1.69437,0.1078614
1.69751,0.105767
1.70379,0.1078614
1.70274,0.1099558
1.70274,0.1172862
1.70379,0.1183334
1.70379,0.1225222
1.69437,0.1340412
1.69437,0.1413716
1.69541,0.1424188
1.69541,0.1466076
1.69751,0.148702
1.69751,0.1549852
1.70065,0.1581268
1.70065,0.1602212
1.6996,0.1612684
1.6996,0.1706932
1.69751,0.1738348
1.69751,0.1864012
1.6996,0.1884956
1.70379,0.1895428
1.7174,0.19059
1.72788,0.1989676
1.72997,0.1989676
1.73625,0.206298
1.7394,0.206298
1.74673,0.1968732
1.78442,0.1968732
1.80432,0.1926844
1.82108,0.1843068
1.8326,0.1822124
1.83888,0.1780236
1.84621,0.1780236
1.8483,0.1759292
1.8483,0.1738348
1.85563,0.1685988
1.85982,0.1675516
1.886,0.1685988
1.89019,0.1633628
1.89229,0.1570796
1.89647,0.1518436
1.89647,0.1497492
1.89752,0.148702
1.89752,0.143466
1.89857,0.1424188
1.89857,0.13823
1.89962,0.1371828
1.90066,0.1308996
1.90171,0.1298524
1.90171,0.1246166
1.90485,0.121475
1.90485,0.1151918
1.90276,0.1120502
1.90276,0.0890118
1.90485,0.0879646
1.90904,0.0911062
1.90904,0.0942478
1.91428,0.105767
1.91428,0.126711
1.91009,0.1350884
1.9059,0.1392772
1.90485,0.1424188
1.90276,0.1445132
1.90171,0.148702
1.89962,0.1518436
1.89857,0.1570796
1.89647,0.1602212
1.89647,0.16441
1.90171,0.1665044
1.90904,0.1665044
1.9237,0.1602212
1.92894,0.1549852
1.92894,0.1476548
1.93103,0.143466
1.93103,0.13823
1.93417,0.1361356
1.9415,0.1424188
1.94674,0.1424188
1.95721,0.1455604
1.96559,0.1455604
1.96873,0.1476548
1.97292,0.1476548
1.9813,0.1507964
1.98339,0.1528908
1.99177,0.1518436
1.99805,0.1455604
2.01062,0.1476548
2.019,0.1549852
2.019,0.1570796
2.02423,0.16441
2.02423,0.1675516
2.02633,0.169646
2.0368,0.169646
2.04099,0.1685988
2.04518,0.16441
2.04518,0.1612684
2.04308,0.159174
2.04308,0.1560324
2.04518,0.1528908
2.04518,0.1497492
2.04727,0.1455604
2.04727,0.1424188
2.05041,0.1392772
2.05146,0.1403244
2.05146,0.1424188
2.05355,0.1445132
2.05355,0.1476548
2.05565,0.1497492
2.07031,0.153938
2.08706,0.169646
2.0944,0.169646
2.09649,0.1654572
2.10068,0.1612684
2.10173,0.1623156
2.10173,0.16441
2.10382,0.1665044
2.11534,0.1675516
2.12267,0.174882
2.14152,0.174882
2.14571,0.1717404
2.15618,0.1717404
2.15932,0.1675516
2.1677,0.1665044
2.17084,0.16441
2.18027,0.153938
2.19807,0.153938
2.20121,0.1549852
2.2054,0.159174
2.21273,0.1602212
2.21587,0.1633628
2.21796,0.1675516
2.21796,0.1769764
2.21692,0.1780236
2.21692,0.1822124
2.22006,0.185354
2.23681,0.185354
2.24624,0.1832596
2.24833,0.1811652
2.24833,0.169646
2.24729,0.1685988
2.24729,0.1633628
2.24624,0.1623156
2.24624,0.1560324
2.24729,0.1549852
2.26195,0.1549852
2.26299,0.153938
2.26299,0.1518436
2.26509,0.1497492
2.27975,0.1497492
2.28394,0.1528908
2.29441,0.1528908
2.30174,0.1497492
2.30698,0.143466
2.30802,0.1413716
2.30802,0.1350884
2.30907,0.1340412
2.3185,0.1340412
2.32373,0.1319468
2.32583,0.1288052
2.34677,0.1298524
2.35934,0.1225222
2.36352,0.1225222
2.37819,0.1308996
2.38447,0.1371828
2.39389,0.1476548
2.39913,0.159174
2.40855,0.169646
2.42426,0.1738348
2.43578,0.1864012
2.43788,0.1916372
2.43997,0.1937316
2.43997,0.195826
2.44206,0.200014
2.44206,0.204204
2.44311,0.20525
2.44311,0.211534
2.44416,0.212582
2.44416,0.220958
2.44835,0.225148
2.46196,0.225148
2.4672,0.223054
2.47034,0.219912
2.47034,0.207346
2.46929,0.206298
2.46929,0.20211
2.4651,0.1968732
2.4651,0.1916372
2.46615,0.19059
2.46929,0.1884956
2.47976,0.1884956
2.48291,0.1864012
2.49652,0.185354
2.50071,0.1822124
2.50071,0.180118
2.5028,0.1769764
2.5028,0.1665044
2.50071,0.16441
2.49128,0.159174
2.48605,0.153938
2.47243,0.1497492
2.47139,0.1455604
2.47872,0.13823
2.48081,0.13823
2.485,0.1350884
2.49233,0.1350884
2.5028,0.1424188
2.50699,0.1476548
2.51327,0.1507964
2.54993,0.1507964
2.55516,0.1445132
2.55621,0.1371828
2.5583,0.1350884
2.57715,0.1361356
2.58344,0.13823
2.58344,0.1424188
2.59077,0.1528908
2.59077,0.1581268
2.57925,0.169646
2.57925,0.1717404
2.58448,0.1769764
2.58658,0.180118
2.58658,0.1822124
2.58239,0.1864012
2.57925,0.1874484
2.57192,0.195826
2.56878,0.203156
2.56878,0.208392
2.57087,0.210486
2.57087,0.215722
2.57296,0.217818
2.57296,0.219912
2.5782,0.225148
2.596,0.225148
2.59914,0.222006
2.59914,0.1968732
2.60019,0.195826
2.60752,0.195826
2.62218,0.203156
2.62428,0.20525
2.62114,0.211534
2.62114,0.21677
2.62742,0.222006
2.63475,0.222006
2.64732,0.218864
2.6536,0.214676
2.66407,0.211534
2.66721,0.208392
2.67873,0.203156
2.68397,0.1968732
2.69234,0.19059
2.71224,0.1895428
2.72271,0.1811652
2.7269,0.180118
2.73737,0.1685988
2.73842,0.1665044
2.73842,0.1497492
2.73737,0.148702
2.73737,0.1445132
2.73633,0.143466
2.73633,0.13823
2.73528,0.1371828
2.73528,0.1308996
2.73423,0.1298524
2.73423,0.121475
2.73109,0.116239
2.73109,0.1141446
2.72586,0.1078614
2.72586,0.1047198
2.72271,0.0984366
2.72271,0.084823
2.72167,0.0837758
2.72167,0.0806342
2.72062,0.079587
2.72062,0.0753982
2.71852,0.0722566
2.71852,0.0701622
2.71434,0.0649262
2.71224,0.0607374
2.71224,0.058643
2.70701,0.0523598
2.70701,0.0502654
2.70072,0.0397936
2.70072,0.0356048
2.69968,0.0345576
2.69968,0.0293216
2.70072,0.0282744
2.70072,0.02618
2.70282,0.0240856
2.70805,0.0240856
2.71538,0.0282744
2.71643,0.0303688
2.71643,0.0335104
2.71852,0.0376992
2.71852,0.042935
2.71957,0.0439822
2.71957,0.0502654
2.72376,0.0575958
2.72376,0.0596902
2.72481,0.0607374
2.72481,0.0649262
2.73423,0.0806342
2.73423,0.0858702
2.73319,0.0869174
2.73319,0.1026254
2.73528,0.105767
2.73528,0.1089086
2.73737,0.111003
2.73737,0.1130974
2.73842,0.1141446
2.73842,0.1183334
2.74575,0.1246166
2.74994,0.1308996
2.74994,0.13823
2.75099,0.1392772
2.75099,0.1413716
2.74994,0.1424188
2.74994,0.1560324
2.74889,0.1570796
2.74889,0.1675516
2.74994,0.1685988
2.7667,0.1665044
2.77298,0.16441
2.77717,0.1602212
2.7824,0.1581268
2.8023,0.1560324
2.80649,0.153938
2.82848,0.1549852
2.84,0.159174
2.84209,0.1612684
2.84628,0.1612684
2.85885,0.1507964
2.8756,0.1507964
2.88293,0.153938
2.90388,0.153938
2.91645,0.1507964
2.94786,0.1476548
2.95624,0.1445132
2.95729,0.143466
2.95729,0.1392772
2.95833,0.13823
2.95938,0.132994
2.95624,0.1308996
2.95624,0.1277582
2.9531,0.1246166
2.9531,0.1225222
2.951,0.1204278
2.951,0.1172862
2.9531,0.1151918
2.9531,0.111003
2.94681,0.1026254
2.94681,0.100531
2.94367,0.095295
2.94367,0.090059
2.94158,0.0879646
2.93844,0.0879646
2.93215,0.084823
2.92273,0.0837758
2.91121,0.0774926
2.90807,0.0733038
2.90807,0.0712094
2.90911,0.0701622
2.91645,0.0733038
2.93215,0.0733038
2.93948,0.0701622
2.94472,0.0649262
2.94472,0.0628318
2.95205,0.0544542
2.95205,0.0502654
2.94681,0.0450294
2.94577,0.042935
2.94577,0.0376992
2.94158,0.0335104
2.94367,0.031416
2.94367,0.0282744
2.94681,0.0219912
2.94996,0.01884956
2.95205,0.01466076
2.95624,0.020944
2.95624,0.0230384
2.95833,0.02618
2.95938,0.0303688
2.96357,0.0335104
2.96671,0.0335104
2.97195,0.0282744
2.97195,0.0240856
2.96881,0.01989676
2.96881,0.01780236
2.96985,0.01675516
2.97299,0.01675516
2.9887,0.0293216
2.99917,0.0324632
2.99917,0.0523598
2.99813,0.053407
2.99813,0.0607374
2.98347,0.069115
2.9709,0.0733038
2.96252,0.0827286
2.96252,0.0932006
2.96357,0.0942478
2.96357,0.0984366
2.96671,0.1015782
2.97195,0.1026254
2.97614,0.105767
2.97404,0.111003
2.97404,0.1151918
2.9709,0.1204278
2.9709,0.1235694
2.96776,0.1256638
2.96776,0.13823
2.96671,0.1392772
2.96671,0.1413716
2.96881,0.143466
2.97718,0.143466
2.98347,0.1392772
2.99394,0.1392772
3.00127,0.1371828
3.0065,0.132994
3.0065,0.1298524
3.0086,0.1277582
3.03687,0.13823
3.05886,0.13823
3.06096,0.1361356
3.06096,0.1340412
3.06305,0.1308996
3.06305,0.1256638
3.07562,0.121475
3.07981,0.1172862
3.07981,0.1036726
3.07248,0.0994838
3.06515,0.0911062
3.06515,0.079587
3.07667,0.074351
3.08923,0.0722566
3.09342,0.069115
3.09552,0.0649262
3.09866,0.0649262
3.11541,0.069115
3.13531,0.069115
3.13636,0.0701622
3.13636,0.0733038
3.12693,0.0837758
3.12588,0.0879646
3.12065,0.0942478
3.1196,0.0963422
3.1196,0.1036726
3.11855,0.1047198
3.11855,0.1078614
3.11437,0.1151918
3.10285,0.126711
3.08923,0.1319468
3.08504,0.1350884
3.08504,0.1403244
3.08714,0.1424188
3.08714,0.1455604
3.08086,0.1497492
3.08086,0.1633628
3.09761,0.16441
3.1018,0.1602212
3.11018,0.1602212
3.11332,0.1633628
3.1217,0.1633628
3.12903,0.1612684
3.14055,0.153938
3.14159,0.153938
S,
-3.14159,-0.0450294
-3.13531,-0.048171
-3.12588,-0.0471238
-3.12379,-0.0450294
-3.11541,-0.0450294
-3.10494,-0.0345576
-3.09028,-0.0345576
-3.08504,-0.0303688
-3.07981,-0.0387464
-3.06934,-0.0408408
-3.0641,-0.0492182
-3.05991,-0.0492182
-3.05468,-0.0523598
-3.04211,-0.0523598
-3.03792,-0.048171
-3.03792,-0.0460766
-3.03583,-0.042935
-3.03583,-0.0293216
-3.03268,-0.0240856
-3.0285,-0.0230384
-3.02116,-0.0303688
-3.00965,-0.0303688
-3.00441,-0.0251328
-3.00022,-0.01884956
-3.00022,-0.01675516
-2.99708,-0.01361356
-2.98137,-0.01256638
-2.97614,-0.01047198
-2.97195,-0.00628318
-2.96881,-0.00628318
-2.96566,-0.0041888
-2.94577,-0.0041888
-2.93948,0
-2.93739,0
-2.93215,-0.00628318
-2.93215,-0.00942478
-2.93006,-0.01151918
-2.93006,-0.01361356
-2.92901,-0.01466076
-2.92901,-0.01989676
-2.93215,-0.0219912
-2.94786,-0.02618
-2.95519,-0.0335104
-2.95519,-0.036652
-2.95729,-0.0397936
-2.95833,-0.0471238
-2.95938,-0.048171
-2.95938,-0.0565486
-2.95519,-0.0617846
-2.95414,-0.063879
-2.95414,-0.0670206
-2.951,-0.0722566
-2.951,-0.0785398
-2.9531,-0.0816814
-2.9531,-0.084823
-2.95519,-0.0879646
-2.95519,-0.0921534
-2.95414,-0.0932006
-2.94367,-0.0932006
-2.92587,-0.0890118
-2.91749,-0.084823
-2.90493,-0.0712094
-2.89864,-0.069115
-2.89341,-0.0701622
-2.88503,-0.0785398
-2.88084,-0.079587
-2.87456,-0.0837758
-2.85885,-0.0869174
-2.83267,-0.0869174
-2.82639,-0.090059
-2.81487,-0.090059
-2.81382,-0.0890118
-2.81382,-0.0869174
-2.81801,-0.079587
-2.81801,-0.0659734
-2.81906,-0.0649262
-2.8201,-0.0596902
-2.82429,-0.0544542
-2.82429,-0.0523598
-2.82534,-0.0513126
-2.82534,-0.048171
-2.82429,-0.0471238
-2.82429,-0.041888
-2.82848,-0.036652
-2.82848,-0.02618
-2.82324,-0.020944
-2.8201,-0.01989676
-2.81801,-0.020944
-2.81591,-0.0251328
-2.81591,-0.0492182
-2.81173,-0.053407
-2.80963,-0.058643
-2.79706,-0.0701622
-2.79497,-0.0701622
-2.78869,-0.0753982
-2.77403,-0.0753982
-2.76565,-0.0659734
-2.76565,-0.0596902
-2.76355,-0.0575958
-2.76355,-0.0523598
-2.7646,-0.0502654
-2.75937,-0.0450294
-2.75727,-0.0397936
-2.75727,-0.0335104
-2.75832,-0.0324632
-2.75832,-0.0282744
-2.76041,-0.02618
-2.76041,-0.01989676
-2.76355,-0.01570796
-2.78869,-0.00733038
-2.79288,-0.0041888
-2.79288,0.0031416
-2.7845,0.00628318
-2.77298,0.01466076
-2.76146,0.01675516
-2.75832,0.01884956
-2.73737,0.01884956
-2.73633,0.01780236
-2.73947,0.01466076
-2.7468,0.00942478
-2.75099,0.00837758
-2.75413,0.00523598
-2.75413,-0.00628318
-2.74575,-0.01361356
-2.74261,-0.020944
-2.74261,-0.0376992
-2.74575,-0.042935
-2.74575,-0.0492182
-2.7468,-0.0502654
-2.7468,-0.0617846
-2.74575,-0.0628318
-2.7468,-0.0827286
-2.73737,-0.0921534
-2.73214,-0.095295
-2.72586,-0.105767
-2.72271,-0.1089086
-2.71329,-0.111003
-2.71119,-0.1130974
-2.69653,-0.1151918
-2.68397,-0.1235694
-2.67978,-0.1235694
-2.67664,-0.1256638
-2.66512,-0.1256638
-2.65465,-0.1193806
-2.65465,-0.1099558
-2.65255,-0.1078614
-2.65255,-0.105767
-2.6515,-0.1047198
-2.6515,-0.100531
-2.64941,-0.0973894
-2.64941,-0.0932006
-2.64836,-0.0921534
-2.64836,-0.0879646
-2.64627,-0.084823
-2.64627,-0.0816814
-2.64417,-0.0785398
-2.64417,-0.0764454
-2.63789,-0.0712094
-2.63789,-0.0617846
-2.63894,-0.0607374
-2.63894,-0.0575958
-2.63789,-0.0565486
-2.63789,-0.042935
-2.63999,-0.0397936
-2.63999,-0.036652
-2.64103,-0.0356048
-2.64103,-0.0282744
-2.64732,-0.01884956
-2.65465,-0.01151918
-2.66407,-0.00733038
-2.67664,0.00733038
-2.6892,0.01256638
-2.69444,0.01780236
-2.69653,0.0219912
-2.70701,0.0303688
-2.71643,0.0303688
-2.71852,0.0324632
-2.72586,0.0345576
-2.73737,0.0450294
-2.73737,0.0492182
-2.72167,0.0502654
-2.71643,0.048171
-2.68397,0.048171
-2.66198,0.0680678
-2.65046,0.0722566
-2.64627,0.0764454
-2.63789,0.0764454
-2.6358,0.0722566
-2.6358,0.0670206
-2.64313,0.0596902
-2.64313,0.0502654
-2.64417,0.0492182
-2.64417,0.0376992
-2.63684,0.0293216
-2.63684,0.02618
-2.63056,0.01884956
-2.62951,0.01361356
-2.62532,0.00733038
-2.62532,0.001047198
-2.62637,0
-2.62742,-0.00628318
-2.62847,-0.00733038
-2.62847,-0.02618
-2.62323,-0.0324632
-2.62009,-0.0324632
-2.61695,-0.0345576
-2.61276,-0.0345576
-2.60752,-0.0303688
-2.60647,-0.031416
-2.60647,-0.0335104
-2.60752,-0.0345576
-2.60752,-0.041888
-2.60647,-0.042935
-2.59286,-0.042935
-2.58972,-0.0397936
-2.58867,-0.0335104
-2.58658,-0.0282744
-2.58344,-0.0251328
-2.58029,-0.0251328
-2.57087,-0.01361356
-2.56773,-0.01256638
-2.55307,0.0020944
-2.55097,0.00628318
-2.54678,0.00942478
-2.54469,0.01466076
-2.54469,0.01675516
-2.54155,0.020944
-2.54155,0.0240856
-2.53212,0.036652
-2.53212,0.0460766
-2.53108,0.0471238
-2.53108,0.0523598
-2.53003,0.053407
-2.53003,0.0701622
-2.53212,0.0733038
-2.53212,0.0764454
-2.53631,0.0827286
-2.53422,0.0858702
-2.53422,0.1015782
-2.53108,0.1026254
-2.52375,0.0994838
-2.51851,0.0932006
-2.51851,0.0774926
-2.51642,0.0733038
-2.51642,0.0659734
-2.51432,0.0617846
-2.51432,0.0450294
-2.51642,0.042935
-2.51642,0.0397936
-2.5206,0.0345576
-2.5206,0.031416
-2.52165,0.0303688
-2.5227,0.0251328
-2.52479,0.0219912
-2.52479,0.01570796
-2.52584,0.01466076
-2.52584,0.01047198
-2.52898,0.0041888
-2.52898,0.0020944
-2.53527,-0.00942478
-2.53841,-0.01256638
-2.53841,-0.01466076
-2.55097,-0.0303688
-2.55097,-0.0324632
-2.55307,-0.0356048
-2.55307,-0.0376992
-2.55516,-0.0408408
-2.55516,-0.0439822
-2.56145,-0.0555014
-2.56145,-0.0607374
-2.56249,-0.0617846
-2.56354,-0.0670206
-2.56878,-0.0722566
-2.57401,-0.0806342
-2.57401,-0.0984366
-2.57192,-0.1026254
-2.55411,-0.1204278
-2.51956,-0.1235694
-2.51537,-0.1193806
-2.51432,-0.116239
-2.5049,-0.1068142
-2.50385,-0.1036726
-2.49966,-0.0994838
-2.49861,-0.0963422
-2.49442,-0.0921534
-2.49233,-0.0879646
-2.48605,-0.0816814
-2.47872,-0.0816814
-2.47453,-0.084823
-2.46196,-0.0858702
-2.45777,-0.090059
-2.45777,-0.0921534
-2.45568,-0.0942478
-2.45044,-0.0942478
-2.44521,-0.0973894
-2.43369,-0.0973894
-2.4274,-0.1026254
-2.42007,-0.1026254
-2.40646,-0.0942478
-2.40646,-0.0869174
-2.40332,-0.0806342
-2.40332,-0.0753982
-2.39913,-0.0712094
-2.39494,-0.0701622
-2.3918,-0.0670206
-2.3918,-0.0628318
-2.39494,-0.0555014
-2.39389,-0.053407
-2.39075,-0.0565486
-2.38761,-0.0565486
-2.38447,-0.058643
-2.38237,-0.0607374
-2.38237,-0.0628318
-2.37819,-0.0670206
-2.37609,-0.0670206
-2.374,-0.069115
-2.374,-0.0712094
-2.36876,-0.0753982
-2.35201,-0.0753982
-2.34782,-0.0764454
-2.34572,-0.0785398
-2.3363,-0.0785398
-2.33211,-0.0764454
-2.31954,-0.074351
-2.31116,-0.0649262
-2.31012,-0.0628318
-2.31012,-0.0596902
-2.30698,-0.0555014
-2.30279,-0.0513126
-2.2986,-0.0502654
-2.29127,-0.042935
-2.29127,-0.0387464
-2.29022,-0.0376992
-2.29022,-0.031416
-2.28917,-0.0303688
-2.28917,-0.0251328
-2.28813,-0.0240856
-2.28813,-0.0219912
-2.27975,-0.01466076
-2.27765,-0.01466076
-2.27451,-0.01780236
-2.27451,-0.0272272
-2.26718,-0.0324632
-2.26718,-0.0356048
-2.26614,-0.0376992
-2.26299,-0.0408408
-2.25462,-0.0439822
-2.24624,-0.0439822
-2.2431,-0.0408408
-2.22948,-0.0408408
-2.21796,-0.0356048
-2.21482,-0.036652
-2.21168,-0.0324632
-2.20435,-0.031416
-2.19807,-0.0272272
-2.18969,-0.0272272
-2.18236,-0.0345576
-2.17293,-0.0345576
-2.16979,-0.0335104
-2.16456,-0.0282744
-2.16456,-0.0020944
-2.16246,0.0020944
-2.15618,0.00837758
-2.14885,0.00942478
-2.14466,0.01361356
-2.14047,0.01361356
-2.13942,0.01256638
-2.13942,0.00837758
-2.15304,-0.00628318
-2.15304,-0.01675516
-2.15409,-0.01780236
-2.15409,-0.0219912
-2.15723,-0.0251328
-2.15723,-0.0303688
-2.15618,-0.031416
-2.12686,-0.031416
-2.12267,-0.0356048
-2.11639,-0.0356048
-2.1122,-0.031416
-2.1122,-0.01466076
-2.11429,-0.01151918
-2.11639,-0.0031416
-2.10801,0.0031416
-2.10173,0.0031416
-2.10068,0.0020944
-2.10068,0
-2.10173,-0.001047198
-2.10173,-0.0240856
-2.10591,-0.0303688
-2.10591,-0.0324632
-2.10801,-0.0356048
-2.10801,-0.0387464
-2.10591,-0.0408408
-2.09021,-0.041888
-2.08078,-0.0356048
-2.07869,-0.0356048
-2.07345,-0.0303688
-2.07136,-0.0303688
-2.06926,-0.0282744
-2.06926,-0.0251328
-2.07764,-0.01570796
-2.07973,-0.01151918
-2.07973,-0.0031416
-2.07031,0.0031416
-2.05041,0.00523598
-2.04518,0.0020944
-2.04518,-0.00837758
-2.05041,-0.01675516
-2.05041,-0.020944
-2.0546,-0.0240856
-2.0546,-0.0282744
-2.05146,-0.0324632
-2.04413,-0.0324632
-2.03994,-0.0303688
-2.0347,-0.0251328
-2.03156,-0.031416
-2.03156,-0.048171
-2.02528,-0.0513126
-2.01062,-0.0513126
-2.00643,-0.0471238
-2.00643,-0.0387464
-2.00957,-0.0356048
-2.01167,-0.031416
-2.01167,-0.0293216
-2.01271,-0.0282744
-2.01271,-0.0240856
-2.01481,-0.020944
-2.01481,-0.01884956
-2.01795,-0.01570796
-2.019,-0.01151918
-2.02109,-0.00942478
-2.02109,-0.00628318
-2.02004,-0.00523598
-2.00434,-0.00837758
-2.00119,-0.01151918
-2.00119,-0.01675516
-1.9991,-0.01884956
-1.98863,-0.020944
-1.98339,-0.0240856
-1.97711,-0.0303688
-1.97292,-0.0303688
-1.96873,-0.02618
-1.96873,-0.01884956
-1.97501,-0.01151918
-1.97292,-0.00837758
-1.96245,-0.00628318
-1.95407,-0.0020944
-1.95093,0.001047198
-1.94988,0.0041888
-1.94569,0.00733038
-1.92999,0.00942478
-1.92894,0.00837758
-1.93208,0.0041888
-1.93208,0.0020944
-1.94046,-0.00733038
-1.94465,-0.01361356
-1.94779,-0.020944
-1.95198,-0.0251328
-1.95198,-0.0272272
-1.95093,-0.0282744
-1.94569,-0.0293216
-1.9436,-0.0324632
-1.94465,-0.036652
-1.94988,-0.0439822
-1.94988,-0.058643
-1.9436,-0.0659734
-1.91847,-0.0649262
-1.91114,-0.0680678
-1.89752,-0.069115
-1.89333,-0.0649262
-1.89124,-0.0607374
-1.89124,-0.0575958
-1.88496,-0.0513126
-1.88391,-0.0471238
-1.87553,-0.0387464
-1.87239,-0.0376992
-1.86925,-0.0408408
-1.85668,-0.0408408
-1.8483,-0.0335104
-1.8483,-0.0240856
-1.85459,-0.01780236
-1.86715,-0.01361356
-1.87658,-0.01361356
-1.88286,-0.00837758
-1.89019,-0.00628318
-1.89543,0
-1.89019,0.0020944
-1.86715,0
-1.86401,0.0031416
-1.85878,0.00523598
-1.85459,0.01047198
-1.84726,0.01361356
-1.84097,0.01989676
-1.83364,0.0240856
-1.82841,0.02618
-1.82317,0.0251328
-1.82212,0.02618
-1.82212,0.031416
-1.82317,0.0324632
-1.83364,0.0293216
-1.84202,0.0240856
-1.84411,0.0251328
-1.84307,0.02618
-1.84307,0.031416
-1.84097,0.0356048
-1.83783,0.0387464
-1.8305,0.0397936
-1.82841,0.041888
-1.82317,0.041888
-1.82108,0.036652
-1.81479,0.031416
-1.80851,0.0293216
-1.80327,0.0240856
-1.80327,0.0219912
-1.80118,0.01884956
-1.78966,0.00942478
-1.76558,0.01047198
-1.76139,0.01466076
-1.76139,0.01675516
-1.76034,0.01780236
-1.75301,0.0230384
-1.74673,0.0240856
-1.73835,0.0230384
-1.7394,0.01989676
-1.74149,0.01780236
-1.75091,0.01361356
-1.75406,0.01047198
-1.7551,0.0041888
-1.75615,0.0031416
-1.75615,-0.0031416
-1.75196,-0.00733038
-1.74568,-0.00942478
-1.74673,-0.01047198
-1.74673,-0.01570796
-1.74777,-0.01675516
-1.75196,-0.01361356
-1.76558,-0.01361356
-1.76767,-0.01675516
-1.76767,-0.020944
-1.76872,-0.0219912
-1.76872,-0.0356048
-1.76767,-0.036652
-1.76767,-0.0387464
-1.77709,-0.0397936
-1.79594,-0.0544542
-1.79594,-0.0733038
-1.80223,-0.0806342
-1.80223,-0.0837758
-1.80327,-0.084823
-1.80327,-0.0890118
-1.80432,-0.090059
-1.80432,-0.0963422
-1.80013,-0.100531
-1.78442,-0.1047198
-1.74987,-0.105767
-1.74358,-0.111003
-1.73102,-0.111003
-1.72473,-0.1047198
-1.72159,-0.0973894
-1.7174,-0.0921534
-1.7174,-0.0869174
-1.71845,-0.0858702
-1.71845,-0.0816814
-1.7373,-0.0628318
-1.7373,-0.0607374
-1.7394,-0.058643
-1.74044,-0.0555014
-1.74463,-0.0513126
-1.74463,-0.048171
-1.74568,-0.0471238
-1.74463,-0.0450294
-1.73206,-0.0460766
-1.72055,-0.0575958
-1.70693,-0.058643
-1.70588,-0.0596902
-1.70588,-0.0628318
-1.70379,-0.0670206
-1.69855,-0.069115
-1.69541,-0.0722566
-1.68389,-0.074351
-1.67342,-0.074351
-1.66819,-0.0722566
-1.6619,-0.0659734
-1.66086,-0.0617846
-1.65352,-0.0555014
-1.65352,-0.0471238
-1.65771,-0.0397936
-1.65771,-0.0345576
-1.65876,-0.0335104
-1.65876,-0.02618
-1.66504,-0.020944
-1.67447,-0.020944
-1.67761,-0.0230384
-1.69332,-0.0240856
-1.70484,-0.0345576
-1.71217,-0.02618
-1.71217,-0.0230384
-1.71426,-0.020944
-1.71426,-0.01780236
-1.71322,-0.01675516
-1.70274,-0.01361356
-1.68075,-0.0031416
-1.67866,-0.001047198
-1.67866,0.001047198
-1.67447,0.00837758
-1.67028,0.01256638
-1.664,0.01361356
-1.6619,0.01570796
-1.64934,0.01466076
-1.64934,0.01151918
-1.65143,0.00942478
-1.65143,-0.0031416
-1.64724,-0.00628318
-1.63782,-0.00837758
-1.63153,-0.00837758
-1.62734,-0.00628318
-1.6263,-0.00733038
-1.6263,-0.01570796
-1.62525,-0.01675516
-1.61164,-0.01675516
-1.60954,-0.01466076
-1.60954,-0.0041888
-1.60535,0
-1.60012,0.0020944
-1.58022,0.01989676
-1.57603,0.01570796
-1.57917,0.01047198
-1.59174,-0.001047198
-1.59174,-0.00837758
-1.58755,-0.01151918
-1.57917,-0.01361356
-1.56032,-0.01361356
-1.55823,-0.01780236
-1.55404,-0.01780236
-1.54985,-0.01361356
-1.54985,-0.0031416
-1.54881,-0.0020944
-1.54881,0.00523598
-1.54462,0.00837758
-1.53414,0.00628318
-1.5331,0.00523598
-1.53624,0
-1.53624,-0.01780236
-1.52577,-0.0272272
-1.52577,-0.0303688
-1.52472,-0.031416
-1.52472,-0.0376992
-1.52263,-0.0397936
-1.52053,-0.0450294
-1.52158,-0.0513126
-1.52367,-0.0555014
-1.52367,-0.0670206
-1.52681,-0.0712094
-1.54147,-0.0722566
-1.55509,-0.069115
-1.56556,-0.079587
-1.57394,-0.0911062
-1.57499,-0.0932006
-1.57499,-0.1036726
-1.56661,-0.1120502
-1.56347,-0.1120502
-1.56137,-0.1141446
-1.56137,-0.1204278
-1.56347,-0.1246166
-1.56347,-0.1308996
-1.55404,-0.13823
-1.54671,-0.13823
-1.54357,-0.1361356
-1.53938,-0.1319468
-1.53833,-0.1288052
-1.5331,-0.1225222
-1.5331,-0.1183334
-1.53729,-0.1141446
-1.53729,-0.1120502
-1.54147,-0.105767
-1.54147,-0.0994838
-1.52891,-0.0984366
-1.52263,-0.1036726
-1.52263,-0.1078614
-1.52158,-0.1089086
-1.52158,-0.1130974
-1.52053,-0.1141446
-1.52053,-0.116239
-1.51529,-0.121475
-1.51529,-0.1246166
-1.51739,-0.1298524
-1.52891,-0.1308996
-1.53205,-0.132994
-1.5331,-0.1350884
-1.5331,-0.143466
-1.531,-0.1455604
-1.51425,-0.1466076
-1.51111,-0.1507964
-1.50482,-0.1549852
-1.48283,-0.1581268
-1.47131,-0.1706932
-1.46608,-0.1738348
-1.44409,-0.1738348
-1.44199,-0.1717404
-1.44199,-0.169646
-1.4399,-0.1665044
-1.4399,-0.1633628
-1.4378,-0.159174
-1.4378,-0.1549852
-1.43676,-0.1528908
-1.42942,-0.1424188
-1.42209,-0.1350884
-1.42209,-0.1277582
-1.41895,-0.1246166
-1.41267,-0.1246166
-1.41162,-0.126711
-1.41372,-0.1288052
-1.41581,-0.132994
-1.41581,-0.1361356
-1.41686,-0.1371828
-1.41686,-0.1424188
-1.41791,-0.143466
-1.41791,-0.1528908
-1.42314,-0.1581268
-1.42419,-0.1612684
-1.42628,-0.1633628
-1.42628,-0.1706932
-1.42105,-0.1769764
-1.41791,-0.1790708
-1.41162,-0.180118
-1.40429,-0.185354
-1.39591,-0.1843068
-1.39173,-0.1769764
-1.39173,-0.1717404
-1.39382,-0.1675516
-1.39382,-0.1633628
-1.39591,-0.1602212
-1.39591,-0.1549852
-1.39068,-0.148702
-1.38649,-0.1476548
-1.3844,-0.1507964
-1.3844,-0.1612684
-1.38858,-0.1675516
-1.38858,-0.1864012
-1.38335,-0.1947788
-1.37183,-0.1947788
-1.3645,-0.1874484
-1.35612,-0.1843068
-1.35193,-0.1811652
-1.35193,-0.1790708
-1.3446,-0.1727876
-1.3446,-0.1706932
-1.34355,-0.169646
-1.34355,-0.16441
-1.34146,-0.1602212
-1.33832,-0.1581268
-1.33727,-0.1528908
-1.33413,-0.1497492
-1.33413,-0.1476548
-1.33308,-0.1466076
-1.33308,-0.1403244
-1.34041,-0.1319468
-1.3446,-0.1298524
-1.34984,-0.1246166
-1.34984,-0.1225222
-1.35193,-0.1193806
-1.35193,-0.1068142
-1.35088,-0.105767
-1.35088,-0.1015782
-1.34984,-0.100531
-1.34984,-0.0984366
-1.35822,-0.0911062
-1.36136,-0.0858702
-1.36136,-0.0837758
-1.36345,-0.0806342
-1.36345,-0.069115
-1.3645,-0.0670206
-1.38754,-0.0439822
-1.39487,-0.0408408
-1.39906,-0.036652
-1.39906,-0.0251328
-1.40324,-0.0219912
-1.41162,-0.020944
-1.41895,-0.01361356
-1.42314,-0.00733038
-1.42314,-0.0041888
-1.42524,0
-1.42524,0.00733038
-1.42314,0.01047198
-1.42314,0.01256638
-1.42733,0.01675516
-1.42733,0.0303688
-1.42524,0.0324632
-1.41895,0.0335104
-1.41267,0.041888
-1.39487,0.0460766
-1.3844,0.0460766
-1.37183,0.0502654
-1.37078,0.0492182
-1.37602,0.0450294
-1.37602,0.041888
-1.3645,0.0376992
-1.36764,0.0345576
-1.36764,0.0282744
-1.3624,0.01780236
-1.35926,0.01780236
-1.35507,0.0219912
-1.3446,0.02618
-1.34251,0.0282744
-1.31842,0.0282744
-1.31319,0.0251328
-1.31423,0.0230384
-1.33727,0.01151918
-1.34879,0
-1.36345,-0.0041888
-1.37183,-0.01256638
-1.37497,-0.01884956
-1.37497,-0.0219912
-1.3823,-0.0293216
-1.3823,-0.0324632
-1.37706,-0.0387464
-1.36973,-0.0439822
-1.36555,-0.0450294
-1.35926,-0.0513126
-1.35926,-0.053407
-1.35822,-0.0544542
-1.35822,-0.0617846
-1.34041,-0.0764454
-1.33204,-0.079587
-1.3247,-0.084823
-1.31004,-0.084823
-1.3069,-0.0827286
-1.29748,-0.0827286
-1.29538,-0.084823
-1.2891,-0.0869174
-1.28596,-0.0911062
-1.27863,-0.0932006
-1.2713,-0.0984366
-1.26711,-0.0984366
-1.26501,-0.0963422
-1.2535,-0.0932006
-1.24512,-0.0932006
-1.23883,-0.0973894
-1.21789,-0.0973894
-1.20742,-0.1015782
-1.18752,-0.1015782
-1.18647,-0.100531
-1.18647,-0.0879646
-1.18857,-0.0858702
-1.18857,-0.0837758
-1.19066,-0.0806342
-1.19066,-0.0628318
-1.19276,-0.0607374
-1.19381,-0.0565486
-1.1959,-0.0544542
-1.2137,-0.0544542
-1.21789,-0.0492182
-1.21789,-0.0450294
-1.21056,-0.036652
-1.20323,-0.036652
-1.19904,-0.0387464
-1.18333,-0.0387464
-1.176,-0.0408408
-1.17181,-0.0439822
-1.15296,-0.0450294
-1.15296,-0.053407
-1.15611,-0.0596902
-1.1582,-0.0617846
-1.17077,-0.0617846
-1.17286,-0.063879
-1.17705,-0.074351
-1.17705,-0.0816814
-1.17496,-0.084823
-1.17496,-0.0869174
-1.17181,-0.0911062
-1.17181,-0.0963422
-1.16972,-0.0984366
-1.16029,-0.0984366
-1.14878,-0.0942478
-1.12783,-0.0942478
-1.12574,-0.0921534
-1.12364,-0.0921534
-1.11736,-0.0858702
-1.07652,-0.0869174
-1.07128,-0.0816814
-1.06081,-0.0764454
-1.05662,-0.0764454
-1.05348,-0.0806342
-1.04301,-0.0806342
-1.03673,-0.0764454
-1.02521,-0.0733038
-1.02102,-0.069115
-1.01683,-0.0617846
-1.01369,-0.0596902
-1.01369,-0.053407
-1.01159,-0.0502654
-1.00217,-0.0450294
-1.00007,-0.042935
-1.00007,-0.0387464
-1.01055,-0.0324632
-1.0294,-0.0324632
-1.04091,-0.0251328
-1.04301,-0.0219912
-1.06291,-0.01675516
-1.065,-0.01466076
-1.065,-0.01256638
-1.06605,-0.01151918
-1.06605,-0.00733038
-1.06709,-0.00628318
-1.06709,-0.0041888
-1.06919,-0.0020944
-1.07024,0.0031416
-1.07442,0.00837758
-1.07757,0.00837758
-1.0849,0.01256638
-1.09956,0.01256638
-1.10375,0.01047198
-1.12783,0.01047198
-1.13097,0.00837758
-1.14145,0.00628318
-1.17705,0.00733038
-1.1781,0.00942478
-1.17391,0.01361356
-1.17286,0.01884956
-1.18229,0.0240856
-1.1959,0.0251328
-1.20951,0.0240856
-1.2137,0.01989676
-1.2137,0.01570796
-1.2158,0.01151918
-1.2158,0.00837758
-1.21789,0.00523598
-1.24198,0.0020944
-1.2535,-0.0041888
-1.26816,-0.00942478
-1.2692,-0.00837758
-1.2692,-0.0031416
-1.2713,-0.001047198
-1.27863,0.001047198
-1.27863,0.0031416
-1.27758,0.0041888
-1.27758,0.01151918
-1.28282,0.01780236
-1.28282,0.020944
-1.27339,0.0303688
-1.27235,0.0345576
-1.27863,0.0397936
-1.28596,0.042935
-1.29224,0.0492182
-1.29224,0.0513126
-1.2891,0.053407
-1.27863,0.053407
-1.27444,0.0513126
-1.27025,0.0513126
-1.26711,0.048171
-1.26187,0.0471238
-1.24826,0.036652
-1.22313,0.036652
-1.21789,0.0397936
-1.21789,0.0596902
-1.2137,0.063879
-1.21056,0.0607374
-1.20847,0.0565486
-1.20847,0.0502654
-1.20742,0.048171
-1.20218,0.042935
-1.18543,0.041888
-1.176,0.0460766
-1.17181,0.0460766
-1.16763,0.0502654
-1.16763,0.058643
-1.16972,0.0607374
-1.16763,0.0628318
-1.14982,0.063879
-1.14459,0.0596902
-1.14354,0.0565486
-1.14145,0.0544542
-1.13411,0.0502654
-1.12993,0.0450294
-1.11945,0.0450294
-1.11212,0.0502654
-1.11212,0.0523598
-1.11317,0.053407
-1.11317,0.058643
-1.11108,0.0617846
-1.1027,0.069115
-1.09537,0.069115
-1.09327,0.0670206
-1.09327,0.0555014
-1.09746,0.048171
-1.1006,0.0460766
-1.1006,0.0408408
-1.09956,0.0387464
-1.09223,0.0324632
-1.07442,0.031416
-1.07128,0.0376992
-1.07128,0.053407
-1.065,0.0607374
-1.065,0.0670206
-1.06814,0.0733038
-1.06814,0.0785398
-1.06081,0.0837758
-1.04615,0.0869174
-1.0451,0.0858702
-1.04615,0.0837758
-1.04615,0.0774926
-1.04406,0.0753982
-1.03358,0.074351
-1.03463,0.069115
-1.03882,0.0617846
-1.03882,0.0565486
-1.03777,0.0544542
-1.02521,0.0523598
-1.02521,0.0335104
-1.03149,0.0282744
-1.03149,0.01989676
-1.02835,0.01675516
-1.0095,0.01151918
-1.01788,0.00837758
-1.03882,0.00837758
-1.04406,0.01256638
-1.04824,0.01256638
-1.05034,0.01047198
-1.05034,0.0020944
-1.04615,-0.0020944
-1.03777,-0.0041888
-1.0273,-0.01047198
-1.00217,-0.01151918
-0.992743,-0.01884956
-0.988554,-0.01884956
-0.985413,-0.01570796
-0.985413,-0.01361356
-0.983319,-0.01047198
-0.983319,-0.00628318
-0.982271,-0.00523598
-0.982271,0.00733038
-0.969705,0.00942478
-0.959233,0.01884956
-0.95295,0.0272272
-0.945619,0.0282744
-0.942478,0.0303688
-0.922581,0.0293216
-0.918392,0.0324632
-0.915251,0.0324632
-0.914203,0.031416
-0.914203,0.0293216
-0.915251,0.0282744
-0.915251,0.0219912
-0.913156,0.01989676
-0.901637,0.01466076
-0.898495,0.01047198
-0.89326,0.01047198
-0.886976,0.01570796
-0.886976,0.0230384
-0.888024,0.0240856
-0.888024,0.0335104
-0.886976,0.0345576
-0.884882,0.0324632
-0.879646,0.031416
-0.879646,0.0282744
-0.875457,0.01989676
-0.86708,0.01361356
-0.857655,0.01361356
-0.85556,0.01570796
-0.841947,0.01884956
-0.839852,0.020944
-0.839852,0.0293216
-0.847183,0.0439822
-0.847183,0.0513126
-0.839852,0.0544542
-0.828333,0.0544542
-0.827286,0.053407
-0.827286,0.0408408
-0.818908,0.0376992
-0.813672,0.0376992
-0.806342,0.031416
-0.786445,0.0293216
-0.784351,0.031416
-0.784351,0.0335104
-0.781209,0.036652
-0.767596,0.0387464
-0.761313,0.0376992
-0.757124,0.041888
-0.757124,0.0450294
-0.750841,0.053407
-0.750841,0.0596902
-0.753982,0.0628318
-0.755029,0.0659734
-0.758171,0.069115
-0.761313,0.0753982
-0.765501,0.079587
-0.775973,0.0806342
-0.785398,0.0890118
-0.785398,0.0911062
-0.783304,0.0932006
-0.778068,0.0942478
-0.768643,0.090059
-0.76236,0.090059
-0.758171,0.0858702
-0.756077,0.079587
-0.748746,0.0785398
-0.745605,0.0753982
-0.74351,0.0753982
-0.739321,0.0659734
-0.730944,0.058643
-0.735133,0.0513126
-0.735133,0.0439822
-0.733038,0.0408408
-0.733038,0.0387464
-0.727802,0.0324632
-0.731991,0.0303688
-0.738274,0.0240856
-0.738274,0.01675516
-0.727802,0.01361356
-0.725708,0.00942478
-0.722566,0.00628318
-0.726755,0
-0.733038,-0.00523598
-0.733038,-0.0240856
-0.739321,-0.0272272
-0.751888,-0.0272272
-0.759218,-0.0335104
-0.76236,-0.0324632
-0.766549,-0.0240856
-0.76969,-0.020944
-0.784351,-0.01884956
-0.79587,-0.00628318
-0.819956,-0.00628318
-0.825192,-0.01047198
-0.825192,-0.0219912
-0.828333,-0.0293216
-0.82938,-0.0356048
-0.830428,-0.036652
-0.830428,-0.0450294
-0.824144,-0.0513126
-0.815767,-0.0565486
-0.802153,-0.058643
-0.801106,-0.0607374
-0.803201,-0.0628318
-0.803201,-0.0659734
-0.808437,-0.0722566
-0.813672,-0.0753982
-0.82205,-0.0785398
-0.832522,-0.0785398
-0.844041,-0.0837758
-0.859749,-0.0879646
-0.864985,-0.0942478
-0.866032,-0.0973894
-0.870221,-0.100531
-0.870221,-0.1026254
-0.876504,-0.1089086
-0.877552,-0.1120502
-0.879646,-0.1141446
-0.879646,-0.1172862
-0.876504,-0.121475
-0.870221,-0.1277582
-0.860796,-0.132994
-0.85556,-0.13823
-0.853466,-0.143466
-0.853466,-0.1455604
-0.842994,-0.1549852
-0.791681,-0.1581268
-0.782257,-0.1665044
-0.773879,-0.1665044
-0.76236,-0.1612684
-0.752935,-0.1602212
-0.747699,-0.1549852
-0.734085,-0.1476548
-0.730944,-0.1476548
-0.726755,-0.1507964
-0.721519,-0.1507964
-0.699528,-0.1424188
-0.697434,-0.1466076
-0.697434,-0.1507964
-0.690103,-0.1602212
-0.690103,-0.1633628
-0.69115,-0.16441
-0.69115,-0.1675516
-0.690103,-0.1685988
-0.688009,-0.169646
-0.658687,-0.1685988
-0.65764,-0.169646
-0.65764,-0.1727876
-0.655546,-0.174882
-0.654498,-0.1780236
-0.648215,-0.1843068
-0.646121,-0.1895428
-0.633555,-0.201062
-0.611563,-0.204204
-0.600044,-0.204204
-0.59795,-0.201062
-0.59795,-0.1926844
-0.595855,-0.1895428
-0.584336,-0.1895428
-0.577006,-0.195826
-0.572817,-0.195826
-0.560251,-0.201062
-0.555015,-0.207346
-0.542448,-0.210486
-0.53826,-0.218864
-0.53826,-0.2241
-0.534071,-0.230384
-0.490088,-0.230384
-0.487994,-0.232478
-0.486947,-0.23562
-0.481711,-0.240856
-0.481711,-0.24295
-0.479616,-0.247138
-0.479616,-0.259704
-0.47438,-0.263894
-0.464956,-0.263894
-0.454484,-0.25761
-0.445059,-0.247138
-0.439823,-0.245044
-0.436681,-0.240856
-0.436681,-0.217818
-0.441917,-0.206298
-0.447153,-0.201062
-0.456578,-0.1968732
-0.469145,-0.1843068
-0.477522,-0.1790708
-0.479616,-0.1769764
-0.480664,-0.1727876
-0.489041,-0.16441
-0.497419,-0.1602212
-0.504749,-0.1528908
-0.509985,-0.1518436
-0.509985,-0.1403244
-0.516268,-0.1340412
-0.516268,-0.1319468
-0.517316,-0.1308996
-0.517316,-0.1235694
-0.518363,-0.1225222
-0.533024,-0.121475
-0.536165,-0.1204278
-0.542448,-0.1141446
-0.546637,-0.1141446
-0.555015,-0.1204278
-0.555015,-0.1256638
-0.556062,-0.126711
-0.556062,-0.1361356
-0.558156,-0.13823
-0.563392,-0.1361356
-0.568628,-0.1308996
-0.568628,-0.126711
-0.566534,-0.1235694
-0.566534,-0.121475
-0.560251,-0.1130974
-0.560251,-0.105767
-0.558156,-0.1036726
-0.558156,-0.1015782
-0.557109,-0.100531
-0.553968,-0.0994838
-0.539307,-0.100531
-0.534071,-0.0984366
-0.527788,-0.0932006
-0.527788,-0.0858702
-0.530929,-0.0827286
-0.530929,-0.0806342
-0.537212,-0.074351
-0.549779,-0.0701622
-0.556062,-0.063879
-0.561298,-0.063879
-0.566534,-0.0607374
-0.575959,-0.0607374
-0.581195,-0.0659734
-0.585383,-0.0753982
-0.595855,-0.0879646
-0.598997,-0.0911062
-0.606327,-0.0921534
-0.618894,-0.1047198
-0.638791,-0.100531
-0.646121,-0.0984366
-0.648215,-0.0963422
-0.648215,-0.0869174
-0.649262,-0.0858702
-0.649262,-0.074351
-0.651357,-0.0722566
-0.661829,-0.0712094
-0.671254,-0.0659734
-0.671254,-0.0513126
-0.673348,-0.0492182
-0.68382,-0.048171
-0.689056,-0.0439822
-0.69115,-0.0439822
-0.701622,-0.031416
-0.711047,-0.0293216
-0.707906,-0.0251328
-0.701622,-0.020944
-0.694292,-0.01361356
-0.690103,-0.00523598
-0.677537,0.00523598
-0.656593,0.00628318
-0.656593,0.00837758
-0.659734,0.01151918
-0.659734,0.01570796
-0.661829,0.01884956
-0.670206,0.01989676
-0.672301,0.0219912
-0.692198,0.0272272
-0.692198,0.0324632
-0.686962,0.0356048
-0.679631,0.036652
-0.674395,0.031416
-0.672301,0.031416
-0.667065,0.036652
-0.667065,0.0450294
-0.668112,0.0460766
-0.668112,0.0523598
-0.666018,0.0565486
-0.662876,0.058643
-0.653451,0.058643
-0.649262,0.0565486
-0.649262,0.053407
-0.656593,0.0460766
-0.661829,0.0356048
-0.661829,0.0335104
-0.65764,0.0303688
-0.65764,0.020944
-0.656593,0.01989676
-0.651357,0.01989676
-0.644026,0.0240856
-0.638791,0.0293216
-0.637743,0.0356048
-0.634602,0.0387464
-0.618894,0.0324632
-0.615752,0.0293216
-0.615752,0.0219912
-0.619941,0.01570796
-0.619941,0.001047198
-0.615752,-0.0031416
-0.607375,-0.0031416
-0.604233,-0.001047198
-0.592714,-0.001047198
-0.581195,0.0020944
-0.580147,0.0031416
-0.580147,0.00733038
-0.578053,0.00942478
-0.578053,0.01675516
-0.580147,0.01884956
-0.569675,0.0282744
-0.569675,0.0356048
-0.566534,0.0387464
-0.564439,0.0387464
-0.555015,0.0335104
-0.550826,0.0293216
-0.550826,0.0219912
-0.549779,0.020944
-0.549779,0.01570796
-0.544543,0.00837758
-0.544543,0.0041888
-0.543496,0.0020944
-0.540354,-0.001047198
-0.536165,-0.0041888
-0.516268,-0.00942478
-0.515221,-0.01047198
-0.515221,-0.01989676
-0.514174,-0.020944
-0.50056,-0.020944
-0.490088,-0.01151918
-0.490088,0.0020944
-0.496372,0.01256638
-0.496372,0.01780236
-0.492183,0.0219912
-0.484852,0.0219912
-0.477522,0.01675516
-0.461814,0.01047198
-0.458673,0.00733038
-0.458673,0.0041888
-0.457625,0.0031416
-0.457625,-0.0041888
-0.458673,-0.00523598
-0.457625,-0.00942478
-0.449248,-0.01151918
-0.452389,-0.01361356
-0.472286,-0.01361356
-0.480664,-0.01884956
-0.4859,-0.0240856
-0.4859,-0.031416
-0.482758,-0.0345576
-0.482758,-0.0376992
-0.492183,-0.0471238
-0.492183,-0.0502654
-0.489041,-0.053407
-0.47438,-0.0544542
-0.471239,-0.0523598
-0.468097,-0.0555014
-0.46705,-0.0575958
-0.46705,-0.0733038
-0.461814,-0.0764454
-0.460767,-0.0785398
-0.460767,-0.0837758
-0.454484,-0.090059
-0.454484,-0.0932006
-0.453437,-0.0942478
-0.453437,-0.100531
-0.45972,-0.1015782
-0.466003,-0.1078614
-0.466003,-0.1288052
-0.464956,-0.1298524
-0.464956,-0.132994
-0.469145,-0.1371828
-0.476475,-0.1413716
-0.476475,-0.1466076
-0.477522,-0.1476548
-0.477522,-0.1549852
-0.469145,-0.1633628
-0.469145,-0.1654572
-0.468097,-0.1665044
-0.468097,-0.1717404
-0.456578,-0.1864012
-0.456578,-0.1884956
-0.454484,-0.19059
-0.454484,-0.1926844
-0.445059,-0.1989676
-0.437729,-0.206298
-0.431445,-0.218864
-0.431445,-0.223054
-0.429351,-0.226194
-0.429351,-0.22829
-0.422021,-0.236666
-0.417832,-0.238762
-0.409454,-0.247138
-0.398982,-0.252374
-0.391652,-0.259704
-0.380133,-0.260752
-0.370708,-0.270176
-0.350811,-0.277508
-0.348717,-0.275412
-0.348717,-0.26913
-0.360236,-0.255516
-0.360236,-0.251328
-0.361283,-0.25028
-0.361283,-0.233526
-0.351858,-0.232478
-0.342434,-0.22829
-0.341386,-0.227242
-0.341386,-0.220958
-0.357094,-0.20525
-0.365472,-0.200014
-0.370708,-0.1979204
-0.38118,-0.1968732
-0.392699,-0.185354
-0.394793,-0.1811652
-0.405265,-0.1717404
-0.424115,-0.169646
-0.430398,-0.1665044
-0.434587,-0.1612684
-0.435634,-0.1570796
-0.437729,-0.1549852
-0.427257,-0.1466076
-0.416785,-0.143466
-0.41469,-0.1403244
-0.41469,-0.1350884
-0.416785,-0.132994
-0.416785,-0.1298524
-0.418879,-0.126711
-0.418879,-0.1246166
-0.422021,-0.1204278
-0.432493,-0.1204278
-0.437729,-0.1246166
-0.44087,-0.1246166
-0.442965,-0.1225222
-0.448201,-0.1225222
-0.449248,-0.121475
-0.449248,-0.1120502
-0.448201,-0.111003
-0.425162,-0.111003
-0.419926,-0.1026254
-0.419926,-0.100531
-0.418879,-0.0994838
-0.418879,-0.0942478
-0.428304,-0.0827286
-0.435634,-0.0774926
-0.435634,-0.0753982
-0.442965,-0.0659734
-0.442965,-0.0596902
-0.447153,-0.0575958
-0.429351,-0.0565486
-0.427257,-0.0513126
-0.427257,-0.0439822
-0.428304,-0.042935
-0.428304,-0.0408408
-0.427257,-0.0397936
-0.424115,-0.0460766
-0.422021,-0.048171
-0.418879,-0.048171
-0.41469,-0.0439822
-0.413643,-0.0397936
-0.411549,-0.036652
-0.411549,-0.0335104
-0.415737,-0.0272272
-0.415737,-0.0251328
-0.409454,-0.0240856
-0.40736,-0.02618
-0.40736,-0.0282744
-0.405265,-0.0303688
-0.404218,-0.0335104
-0.400029,-0.0376992
-0.400029,-0.041888
-0.401077,-0.042935
-0.401077,-0.0492182
-0.398982,-0.0523598
-0.398982,-0.0680678
-0.401077,-0.0712094
-0.401077,-0.0774926
-0.396888,-0.0827286
-0.393746,-0.0890118
-0.387463,-0.0963422
-0.387463,-0.0984366
-0.389557,-0.100531
-0.390605,-0.1036726
-0.396888,-0.1099558
-0.396888,-0.1130974
-0.397935,-0.1141446
-0.397935,-0.1193806
-0.393746,-0.1256638
-0.393746,-0.13823
-0.392699,-0.1403244
-0.38851,-0.1455604
-0.38851,-0.1476548
-0.385369,-0.1497492
-0.376991,-0.1518436
-0.363378,-0.1518436
-0.359189,-0.1560324
-0.338245,-0.1570796
-0.337198,-0.1560324
-0.337198,-0.1507964
-0.342434,-0.143466
-0.342434,-0.1340412
-0.339292,-0.1298524
-0.339292,-0.1120502
-0.345575,-0.105767
-0.356047,-0.1026254
-0.357094,-0.1015782
-0.357094,-0.0994838
-0.359189,-0.0973894
-0.350811,-0.090059
-0.348717,-0.090059
-0.343481,-0.0858702
-0.343481,-0.0733038
-0.342434,-0.0722566
-0.342434,-0.0628318
-0.34767,-0.0575958
-0.348717,-0.0555014
-0.348717,-0.0523598
-0.346622,-0.0513126
-0.338245,-0.0596902
-0.338245,-0.0617846
-0.337198,-0.0628318
-0.337198,-0.0649262
-0.335103,-0.0701622
-0.326726,-0.0753982
-0.324631,-0.0774926
-0.324631,-0.079587
-0.311018,-0.0932006
-0.286932,-0.0932006
-0.271224,-0.0806342
-0.271224,-0.0753982
-0.273319,-0.0722566
-0.273319,-0.0701622
-0.272271,-0.069115
-0.264941,-0.069115
-0.256563,-0.0628318
-0.252375,-0.0617846
-0.252375,-0.0523598
-0.25028,-0.048171
-0.25028,-0.041888
-0.261799,-0.0324632
-0.26913,-0.0303688
-0.273319,-0.0272272
-0.26913,-0.020944
-0.264941,-0.01675516
-0.254469,-0.01675516
-0.245044,-0.01989676
-0.237714,-0.01989676
-0.234572,-0.01675516
-0.234572,-0.01361356
-0.233525,-0.01256638
-0.233525,-0.00837758
-0.230383,-0.0041888
-0.225147,-0.0031416
-0.215723,0.0041888
-0.206298,0.00628318
-0.205251,0.00523598
-0.208392,0.001047198
-0.20944,-0.0031416
-0.213628,-0.00837758
-0.215723,-0.00837758
-0.217817,-0.01047198
-0.218864,-0.01466076
-0.220959,-0.01675516
-0.220959,-0.01884956
-0.2241,-0.0219912
-0.2241,-0.036652
-0.21677,-0.0450294
-0.21677,-0.048171
-0.218864,-0.0502654
-0.219911,-0.0544542
-0.2241,-0.0607374
-0.2241,-0.0785398
-0.222006,-0.0816814
-0.212581,-0.0869174
-0.204204,-0.0869174
-0.198968,-0.0816814
-0.19792,-0.0753982
-0.191637,-0.0680678
-0.187448,-0.0649262
-0.184307,-0.0649262
-0.176976,-0.0607374
-0.174882,-0.0607374
-0.173835,-0.0617846
-0.173835,-0.063879
-0.185354,-0.0753982
-0.195826,-0.079587
-0.195826,-0.0827286
-0.19792,-0.0858702
-0.19792,-0.0890118
-0.203156,-0.0942478
-0.21677,-0.0942478
-0.218864,-0.0963422
-0.218864,-0.1246166
-0.217817,-0.126711
-0.223053,-0.1350884
-0.223053,-0.1413716
-0.213628,-0.1507964
-0.213628,-0.1675516
-0.211534,-0.1706932
-0.211534,-0.1727876
-0.20944,-0.174882
-0.20944,-0.1780236
-0.202109,-0.185354
-0.19059,-0.1874484
-0.186401,-0.195826
-0.181165,-0.20211
-0.165457,-0.206298
-0.161268,-0.211534
-0.159174,-0.21677
-0.153938,-0.222006
-0.136136,-0.227242
-0.134041,-0.229336
-0.132994,-0.232478
-0.127758,-0.236666
-0.113097,-0.236666
-0.11205,-0.237714
-0.11205,-0.255516
-0.106814,-0.260752
-0.101578,-0.262846
-0.0963422,-0.268082
-0.0921534,-0.270176
-0.090059,-0.273318
-0.0324631,-0.273318
-0.0261799,-0.26913
-0.0230383,-0.26913
-0.015708,-0.277508
-0.0115192,-0.279602
0.0146608,-0.279602
0.0261799,-0.286932
0.0366519,-0.286932
0.0460767,-0.293216
0.0617847,-0.293216
0.069115,-0.300546
0.0879646,-0.300546
0.0921534,-0.304734
0.121475,-0.304734
0.123569,-0.30264
0.123569,-0.298452
0.122522,-0.296356
0.107861,-0.281696
0.0932006,-0.277508
0.0827286,-0.271224
0.0733038,-0.259704
0.0513127,-0.239808
0.0471239,-0.232478
0.0471239,-0.230384
0.0450295,-0.227242
0.0450295,-0.225148
0.0366519,-0.215722
0.0314159,-0.213628
0.0272271,-0.20944
0.015708,-0.20211
0.00314159,-0.201062
0.00314159,-0.1832596
0.0010472,-0.1811652
0.0010472,-0.16441
-0.00837758,-0.1549852
-0.015708,-0.1518436
-0.0240855,-0.1518436
-0.0261799,-0.153938
-0.0324631,-0.1560324
-0.0418879,-0.1665044
-0.0460767,-0.1685988
-0.0471239,-0.1706932
-0.0471239,-0.1759292
-0.0366519,-0.1864012
-0.0366519,-0.1947788
-0.0408407,-0.200014
-0.0408407,-0.211534
-0.0387463,-0.214676
-0.0387463,-0.222006
-0.0418879,-0.225148
-0.0439823,-0.2241
-0.0460767,-0.219912
-0.0460767,-0.20944
-0.0492183,-0.20525
-0.0513127,-0.200014
-0.0575959,-0.1916372
-0.0575959,-0.1822124
-0.0555015,-0.1780236
-0.0555015,-0.1717404
-0.0575959,-0.1685988
-0.0575959,-0.16441
-0.0565487,-0.1633628
-0.0565487,-0.1507964
-0.0586431,-0.148702
-0.0586431,-0.1455604
-0.0617847,-0.1424188
-0.069115,-0.1424188
-0.074351,-0.1350884
-0.074351,-0.132994
-0.0701622,-0.1308996
-0.0628319,-0.1308996
-0.0607375,-0.1340412
-0.0555015,-0.1350884
-0.0502655,-0.13823
-0.0502655,-0.1476548
-0.0429351,-0.1549852
-0.0429351,-0.1570796
-0.0471239,-0.1623156
-0.0471239,-0.16441
-0.0450295,-0.16441
-0.0387463,-0.1602212
-0.0366519,-0.1570796
-0.0366519,-0.1424188
-0.0376991,-0.1403244
-0.0356047,-0.13823
-0.0303687,-0.13823
-0.0282743,-0.1413716
-0.0282743,-0.143466
-0.0261799,-0.1455604
-0.0219911,-0.1455604
-0.0167552,-0.1403244
-0.00942478,-0.1403244
-0.00418879,-0.1371828
-0.00418879,-0.1288052
-0.00314159,-0.1277582
-0.00314159,-0.1235694
-0.0020944,-0.1225222
-0.0020944,-0.1141446
-0.0010472,-0.1130974
-0.0010472,-0.111003
-0.0136136,-0.1047198
-0.0125664,-0.1036726
-0.0125664,-0.0963422
-0.00733038,-0.0911062
0.00418879,-0.0963422
0.00628319,-0.0942478
0.00628319,-0.0890118
0,-0.0816814
-0.00628319,-0.079587
-0.0167552,-0.0712094
-0.0188496,-0.0712094
-0.0251327,-0.063879
-0.0251327,-0.0607374
-0.0261799,-0.0596902
-0.0251327,-0.058643
-0.0251327,-0.0565486
-0.0345575,-0.0492182
-0.0408407,-0.0471238
-0.0513127,-0.0471238
-0.0586431,-0.0513126
-0.0785398,-0.0513126
-0.0827286,-0.0544542
-0.0911062,-0.0555014
-0.0921534,-0.0544542
-0.0921534,-0.0272272
-0.0963422,-0.0230384
-0.0963422,-0.020944
-0.0984366,-0.01884956
-0.0984366,-0.01570796
-0.0879646,-0.01047198
-0.079587,-0.01675516
-0.0879646,-0.0272272
-0.0879646,-0.0345576
-0.0837758,-0.0387464
-0.074351,-0.0387464
-0.0722566,-0.0408408
-0.0649262,-0.0408408
-0.0628319,-0.0387464
-0.0586431,-0.0376992
-0.0513127,-0.0376992
-0.0481711,-0.0335104
-0.0481711,-0.01151918
-0.0534071,-0.00628318
-0.0617847,-0.00523598
-0.0659734,-0.0020944
-0.0670206,0.001047198
-0.0722566,0.00628318
-0.0785398,0.00733038
-0.0806342,0.00942478
-0.079587,0.01256638
-0.0774926,0.01466076
-0.0680678,0.01780236
-0.0596903,0.02618
-0.0534071,0.02618
-0.0513127,0.0240856
-0.0513127,0.01361356
-0.0471239,0.00837758
-0.0429351,0.00837758
-0.0387463,0.0041888
-0.0397935,0
-0.0376991,-0.0020944
-0.0188496,-0.0020944
-0.010472,-0.01047198
-0.010472,-0.01466076
-0.0115192,-0.01570796
-0.0167552,-0.01570796
-0.0188496,-0.01361356
-0.0272271,-0.01047198
-0.0335103,-0.01151918
-0.0356047,-0.01361356
-0.0356047,-0.01989676
-0.0376991,-0.0219912
-0.0376991,-0.0240856
-0.0387463,-0.0251328
-0.0387463,-0.0324632
-0.0356047,-0.036652
-0.0345575,-0.0408408
-0.0272271,-0.0450294
-0.0251327,-0.0502654
-0.0230383,-0.0523598
-0.0219911,-0.0565486
-0.0188496,-0.0596902
-0.0146608,-0.0596902
-0.00837758,-0.0555014
-0.00314159,-0.0502654
-0.0020944,-0.0471238
0,-0.0450294
0,-0.042935
0.00942478,-0.0356048
0.00942478,-0.0219912
0.0125664,-0.01884956
0.0293215,-0.01780236
0.0366519,-0.01989676
0.0376991,-0.020944
0.0366519,-0.0219912
0.0366519,-0.0251328
0.0324631,-0.031416
0.0272271,-0.036652
0.020944,-0.0387464
0.0167552,-0.042935
0.0136136,-0.0439822
0.0115192,-0.0460766
0.0115192,-0.048171
0.00837758,-0.0544542
0.00314159,-0.0596902
-0.00314159,-0.0617846
-0.00628319,-0.0649262
-0.00628319,-0.0701622
-0.00314159,-0.0733038
0,-0.0733038
0.00314159,-0.0753982
0.00942478,-0.0837758
0.0188496,-0.0837758
0.0293215,-0.0712094
0.0356047,-0.0701622
0.0387463,-0.0659734
0.0387463,-0.063879
0.0356047,-0.0607374
0.0345575,-0.0555014
0.0376991,-0.0502654
0.0376991,-0.048171
0.0429351,-0.041888
0.0502655,-0.0408408
0.0575959,-0.0345576
0.0617847,-0.0335104
0.0670206,-0.0345576
0.0764454,-0.0303688
0.0806342,-0.02618
0.0806342,-0.00733038
0.0837758,-0.0041888
0.0837758,-0.0020944
0.0858702,0
0.105767,0.0041888
0.111003,0.00837758
0.114145,0.00523598
0.114145,0.0020944
0.115192,0.001047198
0.1309,0.0020944
0.132994,0.001047198
0.134041,-0.0020944
0.129852,-0.00837758
0.129852,-0.01151918
0.128805,-0.01256638
0.127758,-0.01884956
0.115192,-0.0303688
0.115192,-0.036652
0.123569,-0.0471238
0.121475,-0.0492182
0.114145,-0.0492182
0.108909,-0.053407
0.102625,-0.0513126
0.100531,-0.0492182
0.0659734,-0.0492182
0.0555015,-0.058643
0.0544543,-0.0617846
0.0418879,-0.074351
0.0324631,-0.079587
0.0324631,-0.0890118
0.0397935,-0.0963422
0.0523599,-0.0963422
0.0586431,-0.0994838
0.0586431,-0.1151918
0.0617847,-0.1183334
0.069115,-0.1204278
0.0753982,-0.126711
0.0973894,-0.1308996
0.103673,-0.132994
0.105767,-0.1350884
0.105767,-0.143466
0.107861,-0.1455604
0.107861,-0.1581268
0.108909,-0.159174
0.108909,-0.1623156
0.105767,-0.1633628
0.0963422,-0.153938
0.0942478,-0.1497492
0.0911062,-0.1466076
0.090059,-0.143466
0.0712094,-0.1277582
0.0534071,-0.1277582
0.0450295,-0.1193806
0.0345575,-0.1183334
0.015708,-0.1350884
0.015708,-0.1392772
0.0146608,-0.1403244
0.0146608,-0.153938
0.010472,-0.1602212
0.00733038,-0.1623156
0.00733038,-0.1685988
0.010472,-0.1727876
0.010472,-0.174882
0.0125664,-0.1790708
0.0125664,-0.1822124
0.0167552,-0.1874484
0.0282743,-0.1979204
0.0335103,-0.200014
0.0387463,-0.204204
0.0418879,-0.204204
0.0481711,-0.210486
0.0481711,-0.218864
0.0502655,-0.222006
0.0712094,-0.222006
0.0753982,-0.2241
0.0816814,-0.230384
0.0994838,-0.240856
0.116239,-0.258658
0.124617,-0.2618
0.132994,-0.270176
0.136136,-0.271224
0.140324,-0.275412
0.146608,-0.279602
0.149749,-0.279602
0.156032,-0.277508
0.162316,-0.272272
0.16441,-0.263894
0.169646,-0.25761
0.179071,-0.256564
0.191637,-0.245044
0.198968,-0.243998
0.20944,-0.23562
0.223053,-0.229336
0.223053,-0.227242
0.220959,-0.225148
0.220959,-0.214676
0.214675,-0.20525
0.214675,-0.200014
0.213628,-0.1989676
0.213628,-0.1947788
0.212581,-0.1937316
0.211534,-0.1874484
0.213628,-0.1843068
0.215723,-0.1843068
0.217817,-0.1822124
0.24295,-0.1759292
0.247139,-0.1727876
0.247139,-0.1685988
0.245044,-0.1665044
0.245044,-0.1633628
0.243997,-0.1623156
0.243997,-0.1581268
0.246091,-0.1560324
0.25028,-0.1560324
0.253422,-0.153938
0.256563,-0.1549852
0.258658,-0.1528908
0.258658,-0.1476548
0.263894,-0.1392772
0.263894,-0.1288052
0.272271,-0.1235694
0.273319,-0.121475
0.273319,-0.1130974
0.270177,-0.111003
0.265988,-0.111003
0.262847,-0.1089086
0.246091,-0.1047198
0.237714,-0.0963422
0.235619,-0.0932006
0.235619,-0.0911062
0.232478,-0.0879646
0.220959,-0.0858702
0.213628,-0.0827286
0.208392,-0.0774926
0.200015,-0.0753982
0.19059,-0.063879
0.184307,-0.0649262
0.178024,-0.0712094
0.175929,-0.0712094
0.17174,-0.074351
0.162316,-0.0837758
0.149749,-0.0932006
0.149749,-0.0973894
0.147655,-0.0994838
0.143466,-0.0994838
0.128805,-0.090059
0.131947,-0.0858702
0.131947,-0.0837758
0.124617,-0.0774926
0.124617,-0.0733038
0.135088,-0.0649262
0.142419,-0.0617846
0.147655,-0.0565486
0.15708,-0.0513126
0.15708,-0.0492182
0.156032,-0.048171
0.153938,-0.048171
0.150796,-0.0450294
0.149749,-0.0408408
0.147655,-0.0376992
0.147655,-0.0345576
0.149749,-0.0324632
0.154985,-0.0324632
0.160221,-0.036652
0.168599,-0.0356048
0.169646,-0.0335104
0.169646,-0.01151918
0.174882,-0.00837758
0.186401,-0.00942478
0.198968,-0.0251328
0.198968,-0.0303688
0.203156,-0.0345576
0.205251,-0.0345576
0.212581,-0.0397936
0.219911,-0.0408408
0.219911,-0.0523598
0.223053,-0.0555014
0.235619,-0.058643
0.239808,-0.0628318
0.240855,-0.0659734
0.243997,-0.069115
0.243997,-0.0733038
0.24295,-0.074351
0.24295,-0.0816814
0.245044,-0.0837758
0.25028,-0.0837758
0.252375,-0.0858702
0.252375,-0.090059
0.254469,-0.0932006
0.254469,-0.095295
0.257611,-0.0984366
0.26913,-0.0984366
0.271224,-0.0963422
0.27646,-0.100531
0.278555,-0.1036726
0.279602,-0.1099558
0.283791,-0.1141446
0.277507,-0.121475
0.277507,-0.1298524
0.280649,-0.132994
0.294263,-0.1340412
0.294263,-0.1288052
0.291121,-0.121475
0.291121,-0.1099558
0.29531,-0.1036726
0.296357,-0.0973894
0.300546,-0.0911062
0.300546,-0.0890118
0.298451,-0.0858702
0.298451,-0.0701622
0.297404,-0.069115
0.297404,-0.0617846
0.298451,-0.0607374
0.298451,-0.0575958
0.301593,-0.0555014
0.301593,-0.0523598
0.296357,-0.0492182
0.290074,-0.0492182
0.285885,-0.0502654
0.280649,-0.0555014
0.278555,-0.0555014
0.268083,-0.0450294
0.270177,-0.041888
0.272271,-0.041888
0.278555,-0.0376992
0.278555,-0.0335104
0.27646,-0.031416
0.27646,-0.02618
0.270177,-0.01989676
0.272271,-0.01780236
0.279602,-0.01780236
0.280649,-0.01675516
0.280649,-0.01256638
0.277507,-0.00942478
0.272271,-0.00837758
0.267035,-0.0031416
0.265988,0.0031416
0.294263,0.00523598
0.301593,0.00942478
0.301593,0.01361356
0.299498,0.01570796
0.29531,0.01675516
0.285885,0.0251328
0.283791,0.0293216
0.283791,0.0345576
0.281696,0.0345576
0.278555,0.041888
0.273319,0.0471238
0.270177,0.048171
0.270177,0.0523598
0.271224,0.053407
0.271224,0.0575958
0.272271,0.058643
0.273319,0.0575958
0.273319,0.0555014
0.283791,0.0460766
0.285885,0.041888
0.285885,0.0397936
0.287979,0.036652
0.287979,0.0293216
0.290074,0.02618
0.300546,0.0230384
0.311018,0.0324632
0.315206,0.0240856
0.315206,0.01570796
0.318348,0.01256638
0.322537,0.01256638
0.325678,0.01675516
0.325678,0.01884956
0.326726,0.01989676
0.326726,0.031416
0.327773,0.0324632
0.327773,0.0397936
0.330914,0.0439822
0.339292,0.041888
0.344528,0.0387464
0.348717,0.0335104
0.348717,0.0272272
0.351858,0.0240856
0.370708,0.0240856
0.372802,0.02618
0.372802,0.0282744
0.365472,0.0335104
0.366519,0.0376992
0.368614,0.0408408
0.368614,0.0513126
0.370708,0.053407
0.384322,0.053407
0.38851,0.0502654
0.38851,0.0408408
0.393746,0.0345576
0.406313,0.031416
0.408407,0.0293216
0.420973,0.0293216
0.422021,0.0282744
0.423068,0.0230384
0.426209,0.01989676
0.432493,0.01780236
0.437729,0.01256638
0.437729,0.01047198
0.441917,0.00628318
0.445059,0
0.445059,-0.0041888
0.446106,-0.00523598
0.451342,-0.00523598
0.455531,-0.0031416
0.461814,0.0041888
0.463909,0.00942478
0.463909,0.01570796
0.462861,0.01675516
0.462861,0.0240856
0.466003,0.02618
0.473333,0.02618
0.481711,0.01989676
0.491136,0.01780236
0.495324,0.01361356
0.495324,0.01047198
0.496372,0.00837758
0.499513,0.00523598
0.504749,0.0020944
0.511032,0.001047198
0.514174,-0.0020944
0.514174,-0.0041888
0.533024,-0.0230384
0.528835,-0.0303688
0.517316,-0.031416
0.513127,-0.0293216
0.501608,-0.01780236
0.501608,-0.01570796
0.498466,-0.01047198
0.49323,-0.00523598
0.486947,-0.0020944
0.480664,0.0041888
0.47438,0.0041888
0.468097,-0.0020944
0.468097,-0.01256638
0.46705,-0.01361356
0.461814,-0.00837758
0.452389,-0.00837758
0.446106,-0.01466076
0.442965,-0.01151918
0.442965,-0.00628318
0.44087,-0.0041888
0.432493,-0.00523598
0.431445,-0.00628318
0.431445,-0.01047198
0.428304,-0.01570796
0.411549,-0.0282744
0.411549,-0.031416
0.410501,-0.0324632
0.410501,-0.0376992
0.408407,-0.0397936
0.404218,-0.0345576
0.403171,-0.0282744
0.402124,-0.0272272
0.402124,-0.0240856
0.400029,-0.0219912
0.397935,-0.0219912
0.396888,-0.020944
0.396888,-0.01884956
0.394793,-0.01675516
0.389557,-0.01466076
0.38851,-0.00942478
0.384322,-0.0031416
0.382227,0.0020944
0.37385,0.00837758
0.368614,0.00942478
0.353953,0.00837758
0.351858,0.00628318
0.350811,0.0020944
0.348717,-0.001047198
0.342434,0
0.33615,0.00628318
0.327773,0.00733038
0.325678,0.00523598
0.325678,-0.00628318
0.327773,-0.00942478
0.327773,-0.01256638
0.329867,-0.01570796
0.325678,-0.01780236
0.32149,-0.01780236
0.320442,-0.01884956
0.320442,-0.0219912
0.32149,-0.0240856
0.325678,-0.0282744
0.334056,-0.031416
0.343481,-0.031416
0.34767,-0.0251328
0.356047,-0.02618
0.359189,-0.0293216
0.359189,-0.0387464
0.367566,-0.0439822
0.367566,-0.063879
0.366519,-0.0649262
0.363378,-0.063879
0.363378,-0.0565486
0.359189,-0.0513126
0.350811,-0.0492182
0.33615,-0.0492182
0.335103,-0.0502654
0.335103,-0.0544542
0.334056,-0.0555014
0.333009,-0.0607374
0.331962,-0.0617846
0.311018,-0.0575958
0.308923,-0.0596902
0.308923,-0.0649262
0.315206,-0.0712094
0.30997,-0.0753982
0.30997,-0.084823
0.308923,-0.0858702
0.308923,-0.0890118
0.306829,-0.090059
0.305782,-0.0942478
0.30264,-0.0973894
0.30264,-0.105767
0.301593,-0.1078614
0.299498,-0.1099558
0.297404,-0.1099558
0.296357,-0.1120502
0.296357,-0.1193806
0.297404,-0.1204278
0.297404,-0.126711
0.299498,-0.1298524
0.299498,-0.1319468
0.300546,-0.1308996
0.30264,-0.132994
0.30264,-0.1350884
0.303687,-0.1361356
0.307876,-0.1361356
0.311018,-0.1392772
0.312065,-0.1413716
0.312065,-0.1476548
0.316254,-0.1507964
0.324631,-0.1518436
0.324631,-0.1570796
0.323584,-0.159174
0.320442,-0.1623156
0.318348,-0.1665044
0.314159,-0.169646
0.308923,-0.169646
0.30264,-0.1623156
0.299498,-0.1623156
0.298451,-0.1633628
0.298451,-0.1727876
0.29531,-0.1759292
0.286932,-0.1759292
0.282743,-0.1717404
0.275413,-0.169646
0.262847,-0.169646
0.253422,-0.1780236
0.253422,-0.1811652
0.249233,-0.185354
0.247139,-0.185354
0.240855,-0.1895428
0.240855,-0.1926844
0.24295,-0.195826
0.247139,-0.1989676
0.254469,-0.201062
0.262847,-0.201062
0.272271,-0.206298
0.289027,-0.207346
0.290074,-0.208392
0.290074,-0.211534
0.29531,-0.215722
0.307876,-0.215722
0.312065,-0.213628
0.32149,-0.213628
0.325678,-0.20944
0.325678,-0.1979204
0.324631,-0.1968732
0.346622,-0.1884956
0.34767,-0.1864012
0.34767,-0.1759292
0.348717,-0.174882
0.348717,-0.1727876
0.356047,-0.1654572
0.355,-0.1612684
0.357094,-0.159174
0.357094,-0.1507964
0.355,-0.148702
0.355,-0.143466
0.359189,-0.1392772
0.365472,-0.13823
0.367566,-0.1361356
0.367566,-0.1319468
0.366519,-0.1308996
0.367566,-0.1288052
0.376991,-0.132994
0.376991,-0.1361356
0.378038,-0.1371828
0.378038,-0.1476548
0.380133,-0.1497492
0.392699,-0.1507964
0.384322,-0.159174
0.38118,-0.1602212
0.375944,-0.1665044
0.375944,-0.1759292
0.376991,-0.1780236
0.379086,-0.180118
0.385369,-0.1822124
0.390605,-0.1874484
0.396888,-0.1874484
0.400029,-0.185354
0.405265,-0.1769764
0.410501,-0.1727876
0.410501,-0.16441
0.41469,-0.1633628
0.416785,-0.1602212
0.423068,-0.1560324
0.427257,-0.1549852
0.427257,-0.1518436
0.425162,-0.1497492
0.411549,-0.1466076
0.402124,-0.1392772
0.402124,-0.1371828
0.405265,-0.1340412
0.405265,-0.1256638
0.404218,-0.1246166
0.404218,-0.1204278
0.398982,-0.1151918
0.394793,-0.0994838
0.391652,-0.0963422
0.390605,-0.0932006
0.38851,-0.0911062
0.386416,-0.0911062
0.382227,-0.095295
0.372802,-0.0932006
0.372802,-0.0869174
0.374897,-0.0837758
0.374897,-0.0806342
0.376991,-0.0785398
0.376991,-0.074351
0.378038,-0.0733038
0.390605,-0.0722566
0.400029,-0.0827286
0.400029,-0.0858702
0.401077,-0.0869174
0.401077,-0.0932006
0.410501,-0.0984366
0.410501,-0.1120502
0.419926,-0.1225222
0.419926,-0.1350884
0.425162,-0.1392772
0.431445,-0.1392772
0.43354,-0.1413716
0.434587,-0.1445132
0.445059,-0.1549852
0.445059,-0.1612684
0.452389,-0.1685988
0.484852,-0.169646
0.487994,-0.1654572
0.487994,-0.1581268
0.489041,-0.1570796
0.489041,-0.153938
0.491136,-0.1497492
0.494277,-0.1466076
0.501608,-0.143466
0.51208,-0.1361356
0.514174,-0.132994
0.522552,-0.126711
0.522552,-0.1193806
0.524646,-0.1172862
0.524646,-0.0942478
0.517316,-0.0932006
0.511032,-0.0973894
0.50056,-0.1078614
0.497419,-0.1141446
0.491136,-0.1204278
0.482758,-0.126711
0.477522,-0.1277582
0.466003,-0.126711
0.458673,-0.1246166
0.454484,-0.121475
0.454484,-0.1120502
0.460767,-0.105767
0.475428,-0.1015782
0.481711,-0.0942478
0.515221,-0.0785398
0.52674,-0.0701622
0.534071,-0.0701622
0.541401,-0.0628318
0.547684,-0.0513126
0.55292,-0.0460766
0.558156,-0.0460766
0.568628,-0.0408408
0.573864,-0.0408408
0.577006,-0.0387464
0.5791,-0.036652
0.5791,-0.0345576
0.578053,-0.0335104
0.570723,-0.036652
0.568628,-0.0356048
0.568628,-0.0272272
0.566534,-0.0251328
0.567581,-0.0230384
0.573864,-0.0272272
0.575959,-0.0272272
0.580147,-0.0324632
0.589572,-0.0324632
0.592714,-0.0345576
0.598997,-0.0356048
0.615752,-0.0356048
0.632507,-0.020944
0.632507,-0.01466076
0.639838,-0.00942478
0.651357,-0.00942478
0.654498,-0.01361356
0.667065,-0.01361356
0.677537,-0.00942478
0.693245,-0.00628318
0.696386,-0.0041888
0.696386,-0.0020944
0.697434,-0.001047198
0.70267,0
0.716283,-0.001047198
0.71733,-0.0020944
0.71733,-0.0041888
0.720472,-0.00628318
0.728849,-0.00628318
0.731991,-0.00942478
0.731991,-0.01780236
0.73618,-0.020944
0.752935,-0.020944
0.768643,-0.01047198
0.76969,-0.01151918
0.76969,-0.01361356
0.773879,-0.01884956
0.778068,-0.01989676
0.790634,-0.01256638
0.799012,-0.0041888
0.813672,-0.0041888
0.815767,-0.00628318
0.815767,-0.00837758
0.821003,-0.01361356
0.81472,-0.0230384
0.812625,-0.0335104
0.810531,-0.0356048
0.806342,-0.0439822
0.786445,-0.0502654
0.771785,-0.0670206
0.771785,-0.0712094
0.770737,-0.0722566
0.770737,-0.074351
0.765501,-0.0806342
0.749793,-0.084823
0.722566,-0.0858702
0.704764,-0.0764454
0.697434,-0.0753982
0.688009,-0.0701622
0.672301,-0.0701622
0.630413,-0.0806342
0.629366,-0.079587
0.606327,-0.079587
0.601091,-0.0816814
0.594808,-0.084823
0.587478,-0.0942478
0.580147,-0.0973894
0.574911,-0.1026254
0.568628,-0.1120502
0.563392,-0.1130974
0.553968,-0.1193806
0.542448,-0.1204278
0.540354,-0.1225222
0.540354,-0.1256638
0.535118,-0.1340412
0.535118,-0.1371828
0.523599,-0.143466
0.50056,-0.1633628
0.50056,-0.180118
0.507891,-0.1874484
0.51208,-0.1895428
0.514174,-0.1895428
0.530929,-0.1717404
0.539307,-0.1675516
0.546637,-0.1675516
0.547684,-0.1685988
0.547684,-0.1759292
0.548732,-0.1769764
0.557109,-0.1822124
0.564439,-0.1832596
0.575959,-0.1832596
0.585383,-0.1769764
0.593761,-0.1769764
0.616799,-0.1717404
0.630413,-0.1717404
0.632507,-0.169646
0.632507,-0.1665044
0.637743,-0.1612684
0.637743,-0.1549852
0.634602,-0.1497492
0.634602,-0.1466076
0.633555,-0.1455604
0.633555,-0.1403244
0.638791,-0.1350884
0.648215,-0.1350884
0.654498,-0.1403244
0.669159,-0.1403244
0.682773,-0.1350884
0.695339,-0.126711
0.70267,-0.1256638
0.728849,-0.126711
0.741416,-0.1141446
0.744557,-0.1141446
0.756077,-0.1246166
0.785398,-0.1256638
0.78854,-0.1288052
0.794823,-0.1308996
0.801106,-0.13823
0.815767,-0.13823
0.818908,-0.1361356
0.818908,-0.1308996
0.816814,-0.1277582
0.816814,-0.1204278
0.81472,-0.1172862
0.81472,-0.1120502
0.813672,-0.111003
0.81472,-0.0994838
0.811578,-0.0963422
0.802153,-0.0942478
0.797965,-0.090059
0.797965,-0.084823
0.803201,-0.0806342
0.809484,-0.0806342
0.812625,-0.0827286
0.825192,-0.0827286
0.827286,-0.0806342
0.832522,-0.079587
0.833569,-0.0806342
0.833569,-0.0837758
0.834616,-0.0858702
0.8409,-0.0921534
0.857655,-0.0911062
0.860796,-0.0942478
0.869174,-0.095295
0.875457,-0.1015782
0.875457,-0.1036726
0.87441,-0.1047198
0.862891,-0.1089086
0.859749,-0.1089086
0.853466,-0.1026254
0.844041,-0.0984366
0.834616,-0.0984366
0.828333,-0.1015782
0.825192,-0.1047198
0.825192,-0.1130974
0.819956,-0.1172862
0.819956,-0.1256638
0.821003,-0.126711
0.821003,-0.1298524
0.827286,-0.1361356
0.836711,-0.1361356
0.839852,-0.1340412
0.857655,-0.1340412
0.859749,-0.1319468
0.877552,-0.1319468
0.884882,-0.13823
0.892212,-0.13823
0.903731,-0.1308996
0.906873,-0.1308996
0.913156,-0.126711
0.916298,-0.126711
0.918392,-0.1246166
0.922581,-0.1235694
0.935147,-0.1246166
0.946667,-0.1298524
0.955044,-0.1298524
0.965516,-0.121475
0.970752,-0.121475
0.981224,-0.1151918
0.991696,-0.1141446
0.992743,-0.1151918
0.992743,-0.1193806
0.990649,-0.121475
0.990649,-0.1361356
0.99379,-0.1392772
0.997979,-0.1403244
1.00531,-0.1455604
1.01997,-0.1466076
1.03044,-0.13823
1.03254,-0.132994
1.03463,-0.1308996
1.03463,-0.1288052
1.03777,-0.1256638
1.04929,-0.1225222
1.06291,-0.1120502
1.06814,-0.1036726
1.08176,-0.1015782
1.08594,-0.0994838
1.09432,-0.0994838
1.09642,-0.0973894
1.09746,-0.0984366
1.09746,-0.111003
1.1006,-0.1141446
1.10898,-0.1172862
1.11003,-0.1204278
1.11631,-0.1288052
1.11631,-0.1371828
1.12364,-0.1445132
1.12574,-0.1445132
1.12993,-0.1392772
1.12993,-0.1193806
1.11527,-0.1015782
1.11527,-0.0984366
1.11422,-0.0973894
1.11422,-0.0921534
1.10584,-0.0816814
1.10584,-0.0785398
1.11003,-0.0774926
1.11945,-0.0816814
1.1226,-0.0816814
1.12574,-0.084823
1.12678,-0.090059
1.12993,-0.0911062
1.13411,-0.0858702
1.13411,-0.0774926
1.12993,-0.0722566
1.12993,-0.0680678
1.14145,-0.0607374
1.14563,-0.0596902
1.15087,-0.0607374
1.15611,-0.0659734
1.15611,-0.0722566
1.14354,-0.0753982
1.1404,-0.0785398
1.1383,-0.0837758
1.13621,-0.0858702
1.13621,-0.0890118
1.1383,-0.0921534
1.16344,-0.0921534
1.17181,-0.084823
1.18438,-0.0774926
1.19381,-0.0806342
1.19799,-0.0837758
1.19381,-0.0879646
1.18543,-0.0879646
1.18333,-0.090059
1.18124,-0.090059
1.16239,-0.1099558
1.16239,-0.1204278
1.16658,-0.1256638
1.16972,-0.132994
1.17496,-0.1361356
1.18647,-0.1361356
1.19066,-0.1319468
1.19276,-0.1277582
1.20009,-0.121475
1.20323,-0.1235694
1.21056,-0.1246166
1.21161,-0.1256638
1.21161,-0.132994
1.21265,-0.1340412
1.21789,-0.1340412
1.21999,-0.1319468
1.23569,-0.1256638
1.23674,-0.1246166
1.23674,-0.1172862
1.2336,-0.1120502
1.2336,-0.1099558
1.22941,-0.105767
1.22941,-0.1026254
1.22836,-0.1015782
1.23255,-0.0984366
1.23988,-0.0984366
1.24826,-0.1036726
1.25873,-0.1036726
1.25978,-0.1047198
1.25978,-0.111003
1.26083,-0.1120502
1.28491,-0.1120502
1.29329,-0.1078614
1.30167,-0.105767
1.30376,-0.1036726
1.30376,-0.1015782
1.30062,-0.0994838
1.30062,-0.095295
1.30481,-0.0911062
1.31633,-0.0921534
1.31947,-0.0879646
1.31947,-0.0837758
1.31737,-0.0816814
1.31737,-0.0712094
1.31528,-0.069115
1.30376,-0.0670206
1.29852,-0.0628318
1.29748,-0.0607374
1.29748,-0.0523598
1.29852,-0.0513126
1.30481,-0.0513126
1.31528,-0.0596902
1.32366,-0.0607374
1.3247,-0.0617846
1.3247,-0.0764454
1.33099,-0.0816814
1.3467,-0.0816814
1.35507,-0.0785398
1.35612,-0.0806342
1.34879,-0.0890118
1.34879,-0.1047198
1.34984,-0.105767
1.34984,-0.1078614
1.35403,-0.111003
1.3624,-0.1130974
1.37078,-0.1225222
1.37916,-0.1256638
1.38754,-0.1256638
1.39068,-0.1225222
1.39277,-0.1193806
1.39277,-0.1172862
1.39487,-0.1151918
1.39487,-0.1120502
1.40115,-0.1036726
1.40115,-0.1015782
1.40743,-0.095295
1.41476,-0.0921534
1.42209,-0.0921534
1.42209,-0.0879646
1.41895,-0.0869174
1.42733,-0.0785398
1.43152,-0.0785398
1.43571,-0.074351
1.43571,-0.0659734
1.44094,-0.0596902
1.45665,-0.0575958
1.4577,-0.058643
1.45665,-0.0596902
1.45665,-0.0628318
1.4577,-0.0649262
1.46608,-0.0680678
1.47236,-0.0753982
1.48178,-0.0753982
1.49121,-0.0680678
1.49749,-0.0680678
1.50168,-0.0659734
1.50273,-0.0670206
1.50273,-0.0712094
1.50063,-0.0764454
1.49749,-0.0806342
1.49749,-0.0890118
1.50692,-0.0994838
1.50692,-0.1015782
1.50482,-0.1036726
1.49645,-0.1015782
1.4954,-0.1026254
1.4954,-0.105767
1.50482,-0.1151918
1.51844,-0.1151918
1.52053,-0.1130974
1.52053,-0.1078614
1.51948,-0.1068142
1.51948,-0.1036726
1.52158,-0.100531
1.54357,-0.0994838
1.54462,-0.100531
1.53833,-0.1068142
1.53833,-0.1141446
1.531,-0.1172862
1.531,-0.1204278
1.5331,-0.1235694
1.54147,-0.1235694
1.54462,-0.1204278
1.55299,-0.1204278
1.55718,-0.116239
1.56661,-0.111003
1.56975,-0.111003
1.57289,-0.1141446
1.57603,-0.1130974
1.57603,-0.1068142
1.5708,-0.0973894
1.5708,-0.0879646
1.57394,-0.0837758
1.57708,-0.0869174
1.58546,-0.0869174
1.59279,-0.0932006
1.6064,-0.0942478
1.61268,-0.0984366
1.61792,-0.0984366
1.62211,-0.0921534
1.62211,-0.0869174
1.62316,-0.0858702
1.62316,-0.0774926
1.62106,-0.0753982
1.61268,-0.0753982
1.60221,-0.0649262
1.60326,-0.063879
1.60745,-0.0659734
1.62211,-0.0659734
1.62525,-0.063879
1.62839,-0.0670206
1.62839,-0.0722566
1.62944,-0.0733038
1.62944,-0.0764454
1.63049,-0.0785398
1.63468,-0.0806342
1.66295,-0.0816814
1.67133,-0.0806342
1.68075,-0.0722566
1.69018,-0.0659734
1.69227,-0.0659734
1.70065,-0.058643
1.70065,-0.0513126
1.69855,-0.048171
1.6818,-0.0345576
1.67761,-0.0240856
1.66923,-0.01570796
1.64515,-0.01570796
1.64201,-0.01361356
1.63153,-0.01256638
1.62211,-0.00837758
1.6064,-0.00837758
1.60117,-0.01361356
1.60117,-0.01570796
1.59698,-0.01989676
1.59383,-0.0251328
1.58546,-0.0335104
1.58127,-0.0345576
1.53938,-0.0356048
1.53519,-0.0376992
1.52158,-0.0397936
1.51739,-0.036652
1.51529,-0.0324632
1.50901,-0.0324632
1.49959,-0.0397936
1.49016,-0.041888
1.48807,-0.0408408
1.48911,-0.0397936
1.48911,-0.0303688
1.4933,-0.0251328
1.50587,-0.0230384
1.51111,-0.01884956
1.52053,-0.01570796
1.54252,-0.01466076
1.5509,-0.01256638
1.58127,-0.01256638
1.58546,-0.00942478
1.58965,-0.001047198
1.58965,0.0041888
1.5886,0.00523598
1.5865,0.00733038
1.57813,0.00733038
1.56556,0.01047198
1.57813,0.01780236
1.58441,0.01884956
1.5886,0.0230384
1.5886,0.0282744
1.57917,0.0335104
1.57394,0.0387464
1.57394,0.0471238
1.5886,0.063879
1.59698,0.0670206
1.60431,0.0670206
1.61792,0.0607374
1.62106,0.0544542
1.62106,0.0523598
1.61373,0.0460766
1.61373,0.0345576
1.61687,0.031416
1.63049,0.031416
1.63363,0.0293216
1.64305,0.0282744
1.66295,0.0282744
1.66504,0.02618
1.66504,0.01256638
1.67866,-0.001047198
1.69437,-0.0020944
1.69646,-0.0041888
1.70484,-0.0041888
1.71636,0.00733038
1.7195,0.00837758
1.74254,0.00837758
1.74673,0.0041888
1.75929,0.00523598
1.76034,0.0041888
1.75301,-0.001047198
1.73625,-0.00523598
1.73102,-0.00837758
1.72892,-0.01151918
1.7195,-0.01466076
1.71531,-0.01989676
1.71531,-0.0219912
1.71322,-0.0240856
1.71322,-0.0324632
1.7174,-0.036652
1.7174,-0.053407
1.72473,-0.058643
1.73521,-0.0607374
1.74777,-0.048171
1.77605,-0.0471238
1.77919,-0.0408408
1.78024,-0.0345576
1.78338,-0.031416
1.78338,-0.0272272
1.78128,-0.0251328
1.78128,-0.01151918
1.78652,-0.0031416
1.79071,0
1.7928,-0.001047198
1.7928,-0.0041888
1.79594,-0.00733038
1.79594,-0.00942478
1.7949,-0.01047198
1.7949,-0.01780236
1.79909,-0.0219912
1.80223,-0.0230384
1.8127,-0.0230384
1.82631,-0.01989676
1.83783,-0.01361356
1.84621,-0.00523598
1.8483,-0.00628318
1.8504,-0.00837758
1.8504,-0.01151918
1.85878,-0.0219912
1.85878,-0.0240856
1.8504,-0.0324632
1.84202,-0.0376992
1.8326,-0.0397936
1.82527,-0.0471238
1.81689,-0.0617846
1.81375,-0.0628318
1.80956,-0.0670206
1.80956,-0.069115
1.81375,-0.0722566
1.81793,-0.0722566
1.82736,-0.0774926
1.83783,-0.0785398
1.84202,-0.0806342
1.85459,-0.0806342
1.86296,-0.074351
1.86715,-0.0733038
1.87867,-0.079587
1.88181,-0.084823
1.89019,-0.0932006
1.91847,-0.0942478
1.92056,-0.0921534
1.92999,-0.0921534
1.93627,-0.0984366
1.93627,-0.1026254
1.93836,-0.105767
1.93732,-0.1130974
1.9415,-0.116239
1.95512,-0.1183334
1.95617,-0.1193806
1.95617,-0.1298524
1.9635,-0.1350884
1.97606,-0.1350884
1.99072,-0.1298524
2.00015,-0.1288052
2.00224,-0.126711
2.00224,-0.1141446
2.02528,-0.0921534
2.02737,-0.095295
2.02737,-0.0994838
2.02947,-0.1026254
2.0368,-0.1047198
2.04413,-0.1047198
2.04727,-0.1015782
2.04727,-0.0984366
2.04937,-0.0963422
2.05041,-0.0932006
2.0567,-0.0869174
2.08183,-0.0722566
2.08183,-0.0701622
2.07973,-0.0680678
2.07764,-0.0680678
2.0745,-0.0628318
2.0745,-0.0523598
2.0724,-0.048171
2.0724,-0.0230384
2.07345,-0.0219912
2.07345,0.00837758
2.0724,0.00942478
2.0724,0.01570796
2.07136,0.01675516
2.07136,0.01884956
2.06507,0.0230384
2.05774,0.0240856
2.0546,0.02618
2.03994,0.02618
2.0368,0.0240856
2.02004,0.0240856
2.01481,0.02618
2.00538,0.0345576
1.99596,0.0387464
1.96035,0.0397936
1.95512,0.0439822
1.94883,0.0460766
1.93732,0.0565486
1.92161,0.0565486
1.91532,0.0523598
1.91218,0.0523598
1.90695,0.0460766
1.89438,0.036652
1.87972,0.031416
1.87344,0.0272272
1.86401,0.02618
1.85459,0.01466076
1.85145,0.01466076
1.84307,0.01780236
1.83888,0.01780236
1.83469,0.0230384
1.8305,0.031416
1.82736,0.0345576
1.82422,0.0345576
1.81584,0.0387464
1.79804,0.0397936
1.79071,0.0523598
1.79385,0.0544542
1.8504,0.053407
1.85354,0.0460766
1.85563,0.0439822
1.86925,0.042935
1.88286,0.0492182
1.89438,0.0596902
1.90381,0.0617846
1.91847,0.0701622
1.9258,0.0712094
1.95302,0.0701622
1.95512,0.0680678
1.96768,0.0659734
1.97292,0.0617846
1.97397,0.0575958
1.9792,0.0513126
1.99072,0.0513126
1.99805,0.0544542
2.01062,0.0544542
2.01376,0.0523598
2.02319,0.0523598
2.02842,0.0492182
2.03261,0.0492182
2.0368,0.0460766
2.04308,0.0460766
2.05041,0.042935
2.05774,0.042935
2.06507,0.0387464
2.0724,0.0387464
2.07973,0.031416
2.08288,0.0324632
2.08288,0.0387464
2.08183,0.0397936
2.08183,0.041888
2.08916,0.0502654
2.10068,0.0492182
2.10277,0.0460766
2.10277,0.0397936
2.0923,0.0376992
2.08811,0.0335104
2.08811,0.031416
2.09335,0.02618
2.09649,0.02618
2.09858,0.0240856
2.09021,0.01989676
2.08706,0.01675516
2.08706,0.0041888
2.08392,0.001047198
2.08288,-0.0020944
2.08078,-0.0041888
2.08078,-0.00628318
2.07869,-0.00837758
2.07869,-0.020944
2.08078,-0.0251328
2.08078,-0.0293216
2.08183,-0.031416
2.08706,-0.036652
2.09021,-0.0376992
2.08916,-0.053407
2.09858,-0.063879
2.11324,-0.0680678
2.11534,-0.0701622
2.11534,-0.0722566
2.11639,-0.0733038
2.11953,-0.0722566
2.13314,-0.0733038
2.13628,-0.0712094
2.13628,-0.069115
2.13838,-0.0670206
2.1478,-0.0607374
2.1478,-0.0513126
2.14675,-0.0502654
2.14675,-0.042935
2.14466,-0.0408408
2.14466,-0.0387464
2.14257,-0.0356048
2.14257,-0.0293216
2.14152,-0.0282744
2.15827,-0.0272272
2.16665,-0.0282744
2.17189,-0.031416
2.16875,-0.0376992
2.16875,-0.0450294
2.17189,-0.0492182
2.17712,-0.0492182
2.18131,-0.0523598
2.18131,-0.0607374
2.18236,-0.0617846
2.18655,-0.0617846
2.19178,-0.0565486
2.19178,-0.0544542
2.19283,-0.053407
2.19283,-0.041888
2.19178,-0.0408408
2.19178,-0.036652
2.20121,-0.0356048
2.20435,-0.0376992
2.2054,-0.0387464
2.2054,-0.0523598
2.20226,-0.0555014
2.20226,-0.0596902
2.19597,-0.0649262
2.18969,-0.0649262
2.18864,-0.0659734
2.18864,-0.0722566
2.19178,-0.0753982
2.2232,-0.0753982
2.23472,-0.0617846
2.23158,-0.0555014
2.23158,-0.0502654
2.22948,-0.048171
2.22948,-0.0450294
2.22739,-0.0408408
2.22739,-0.0356048
2.22844,-0.0345576
2.22844,-0.0303688
2.22948,-0.0293216
2.22948,-0.0230384
2.22425,-0.01780236
2.22215,-0.01361356
2.22215,-0.0041888
2.22425,-0.001047198
2.23263,0.00837758
2.24205,0.0041888
2.25147,0.0041888
2.25252,0.0031416
2.25252,-0.00523598
2.26299,-0.00942478
2.2609,-0.01151918
2.25462,-0.01256638
2.25043,-0.01675516
2.25043,-0.0230384
2.26614,-0.0251328
2.27137,-0.0230384
2.27137,-0.020944
2.27347,-0.01780236
2.27347,0
2.27137,0.0020944
2.27137,0.0041888
2.27032,0.00523598
2.27347,0.00942478
2.28499,0.01361356
2.28917,0.01256638
2.28917,0.00733038
2.29022,0.00628318
2.2986,0.0041888
2.29336,0
2.29336,-0.0020944
2.29127,-0.00523598
2.29127,-0.00733038
2.28917,-0.00942478
2.28813,-0.01361356
2.28499,-0.01780236
2.28499,-0.0251328
2.27451,-0.02618
2.24938,-0.0356048
2.24205,-0.0356048
2.23891,-0.036652
2.23367,-0.041888
2.23367,-0.0460766
2.23577,-0.0502654
2.23577,-0.0555014
2.24205,-0.0628318
2.2431,-0.0659734
2.24833,-0.0712094
2.25147,-0.0712094
2.25985,-0.0753982
2.27451,-0.0764454
2.28289,-0.0806342
2.29022,-0.0806342
2.29755,-0.0753982
2.30802,-0.0753982
2.31116,-0.0722566
2.32478,-0.0659734
2.33001,-0.0659734
2.33316,-0.0680678
2.34153,-0.0680678
2.34677,-0.0649262
2.35829,-0.063879
2.36457,-0.058643
2.3719,-0.0555014
2.37819,-0.0555014
2.38028,-0.0575958
2.39075,-0.0575958
2.3918,-0.0565486
2.3918,-0.053407
2.39075,-0.0523598
2.39075,-0.048171
2.38552,-0.0408408
2.38552,-0.0303688
2.3897,-0.0251328
2.3918,-0.01884956
2.39494,-0.01570796
2.39494,-0.01361356
2.39599,-0.01256638
2.39599,-0.00837758
2.39285,-0.00523598
2.39075,-0.001047198
2.39075,0.001047198
2.38866,0.0041888
2.38866,0.00628318
2.38237,0.01047198
2.38237,0.01989676
2.38761,0.0230384
2.40332,0.0219912
2.40855,0.0251328
2.46196,0.0251328
2.4651,0.0219912
2.47139,0.020944
2.47453,0.01675516
2.47348,0.01570796
2.46091,0.01570796
2.4473,0.01361356
2.43055,0.00628318
2.41693,0.00628318
2.41274,0.0041888
2.40332,0.0031416
2.40018,0
2.40018,-0.0020944
2.39913,-0.0031416
2.39913,-0.01047198
2.40018,-0.01151918
2.40018,-0.01570796
2.40227,-0.01884956
2.40227,-0.02618
2.39389,-0.036652
2.39389,-0.042935
2.40018,-0.0513126
2.40018,-0.053407
2.40437,-0.0575958
2.41274,-0.058643
2.41588,-0.0565486
2.42322,-0.0565486
2.43264,-0.0471238
2.43892,-0.0471238
2.4651,-0.0565486
2.47558,-0.0575958
2.48605,-0.0471238
2.48605,-0.0387464
2.48291,-0.0335104
2.48291,-0.0251328
2.48919,-0.01466076
2.49233,-0.01151918
2.49338,-0.01256638
2.49338,-0.0282744
2.49233,-0.0293216
2.49233,-0.0335104
2.50175,-0.042935
2.5049,-0.042935
2.50804,-0.0460766
2.51013,-0.0502654
2.51537,-0.0555014
2.51642,-0.0575958
2.51642,-0.0617846
2.51851,-0.063879
2.5206,-0.0649262
2.53422,-0.0649262
2.53841,-0.0628318
2.54783,-0.063879
2.54993,-0.0617846
2.55621,-0.0596902
2.56249,-0.0596902
2.56773,-0.0659734
2.56982,-0.0659734
2.57296,-0.0628318
2.57296,-0.058643
2.57192,-0.0565486
2.56563,-0.0502654
2.55726,-0.0460766
2.55097,-0.0397936
2.55202,-0.0387464
2.56668,-0.0387464
2.57087,-0.041888
2.57192,-0.0450294
2.57715,-0.0502654
2.58867,-0.0513126
2.59496,-0.0450294
2.59496,-0.0387464
2.596,-0.0376992
2.62114,-0.0387464
2.62428,-0.0356048
2.62847,-0.0345576
2.63056,-0.0324632
2.63056,-0.0251328
2.63161,-0.0240856
2.63475,-0.0272272
2.63789,-0.0272272
2.64313,-0.01989676
2.64417,-0.01780236
2.64417,-0.00837758
2.64522,-0.00733038
2.65255,-0.00733038
2.65569,-0.01151918
2.65779,-0.01151918
2.65883,-0.01047198
2.65883,-0.00733038
2.66093,-0.00523598
2.66093,-0.0031416
2.66198,-0.0020944
2.67454,-0.0020944
2.67559,-0.0031416
2.67559,-0.00733038
2.67664,-0.00837758
2.68292,-0.00942478
2.69234,-0.01675516
2.6913,-0.01884956
2.6913,-0.0240856
2.69234,-0.0251328
2.69234,-0.031416
2.69025,-0.0335104
2.67768,-0.0345576
2.66512,-0.0397936
2.63056,-0.0387464
2.61381,-0.0502654
2.61381,-0.0617846
2.63056,-0.0712094
2.62951,-0.0722566
2.62951,-0.084823
2.6358,-0.0932006
2.64313,-0.095295
2.6515,-0.0858702
2.66826,-0.0858702
2.66931,-0.084823
2.66931,-0.0827286
2.67559,-0.0764454
2.67873,-0.0753982
2.68816,-0.0670206
2.70491,-0.0596902
2.72271,-0.0774926
2.73004,-0.0774926
2.7468,-0.0722566
2.75308,-0.0722566
2.75937,-0.074351
2.76146,-0.0764454
2.76146,-0.0827286
2.7646,-0.0858702
2.77717,-0.0879646
2.78345,-0.0921534
2.78659,-0.0963422
2.78869,-0.0963422
2.79183,-0.0942478
2.79183,-0.0890118
2.79288,-0.0879646
2.79288,-0.084823
2.79392,-0.0837758
2.79392,-0.079587
2.79602,-0.0764454
2.79602,-0.074351
2.8044,-0.0649262
2.8044,-0.0575958
2.80544,-0.0565486
2.80544,-0.0544542
2.80858,-0.0492182
2.81382,-0.0439822
2.81382,-0.0387464
2.81487,-0.0376992
2.81382,-0.0335104
2.80858,-0.0324632
2.80649,-0.0303688
2.79916,-0.0303688
2.79288,-0.0282744
2.77193,-0.0272272
2.7667,-0.0230384
2.7667,-0.020944
2.7646,-0.01780236
2.75937,-0.01780236
2.75622,-0.01989676
2.7468,-0.0219912
2.73214,-0.0230384
2.72376,-0.0219912
2.72062,-0.01989676
2.72481,-0.01780236
2.73947,-0.01675516
2.74889,-0.01151918
2.76565,-0.00733038
2.7824,-0.00628318
2.78555,-0.00942478
2.79183,-0.01047198
2.79392,-0.01256638
2.79392,-0.01675516
2.79497,-0.01884956
2.80125,-0.0240856
2.8201,-0.0240856
2.82115,-0.0230384
2.82115,-0.01884956
2.81906,-0.01570796
2.81906,-0.01361356
2.81696,-0.01151918
2.81696,-0.00523598
2.81801,-0.0041888
2.81801,-0.0020944
2.82953,0.00942478
2.83162,0.01361356
2.83162,0.01570796
2.83476,0.020944
2.84209,0.0219912
2.84628,0.01884956
2.84838,0.01884956
2.86199,0.00628318
2.87351,0.0041888
2.87875,-0.0031416
2.88398,-0.0041888
2.88817,-0.00837758
2.88922,-0.01361356
2.88084,-0.01466076
2.86932,-0.01151918
2.86409,-0.00837758
2.85675,-0.001047198
2.85152,0
2.83895,0
2.83581,-0.0031416
2.83372,-0.0031416
2.82534,-0.01256638
2.82534,-0.01780236
2.82848,-0.020944
2.82848,-0.0230384
2.83057,-0.0272272
2.82848,-0.0293216
2.82848,-0.0324632
2.82534,-0.0387464
2.82534,-0.0492182
2.82429,-0.0502654
2.82429,-0.0722566
2.80858,-0.0869174
2.80858,-0.0911062
2.80963,-0.0921534
2.80963,-0.0984366
2.81068,-0.0994838
2.81068,-0.1026254
2.81487,-0.1068142
2.81801,-0.1120502
2.82848,-0.121475
2.83267,-0.1246166
2.84733,-0.1246166
2.85047,-0.1225222
2.87456,-0.1235694
2.88189,-0.1183334
2.89655,-0.1120502
2.89655,-0.1099558
2.89236,-0.1047198
2.89236,-0.100531
2.89131,-0.0994838
2.89131,-0.0973894
2.88922,-0.0932006
2.88922,-0.090059
2.88712,-0.0869174
2.88608,-0.0827286
2.88398,-0.0806342
2.87979,-0.0806342
2.86513,-0.074351
2.86094,-0.0701622
2.85675,-0.0607374
2.85257,-0.0565486
2.84838,-0.0492182
2.84838,-0.0450294
2.84733,-0.042935
2.85361,-0.0345576
2.85466,-0.0303688
2.8578,-0.0272272
2.86304,-0.0303688
2.86932,-0.0376992
2.88189,-0.0376992
2.88922,-0.0397936
2.89655,-0.048171
2.90597,-0.0492182
2.90702,-0.048171
2.90702,-0.036652
2.90597,-0.0356048
2.91121,-0.0335104
2.9154,-0.0335104
2.92482,-0.0408408
2.93111,-0.0408408
2.93215,-0.041888
2.93215,-0.048171
2.94053,-0.0607374
2.94053,-0.0628318
2.94158,-0.063879
2.94158,-0.0670206
2.94263,-0.0680678
2.94263,-0.0837758
2.94577,-0.090059
2.94577,-0.0921534
2.96147,-0.1089086
2.96147,-0.111003
2.96357,-0.1141446
2.96566,-0.1141446
2.96985,-0.1099558
2.96985,-0.1078614
2.97614,-0.095295
2.97928,-0.0921534
2.98347,-0.0932006
2.99394,-0.0994838
3.00755,-0.1047198
3.01174,-0.111003
3.02745,-0.1235694
3.02745,-0.1298524
3.02954,-0.132994
3.02954,-0.1350884
3.03164,-0.1392772
3.04001,-0.1424188
3.04211,-0.1392772
3.04211,-0.1288052
3.04106,-0.1277582
3.04106,-0.1193806
3.04211,-0.1183334
3.04211,-0.116239
3.0442,-0.1141446
3.0442,-0.105767
3.04839,-0.0973894
3.05153,-0.0942478
3.05677,-0.084823
3.05677,-0.0785398
3.05782,-0.0774926
3.07876,-0.0774926
3.08295,-0.0816814
3.08504,-0.0816814
3.09028,-0.0858702
3.09133,-0.0869174
3.09133,-0.0890118
3.09447,-0.0921534
3.10808,-0.0921534
3.11227,-0.1015782
3.11437,-0.1036726
3.11855,-0.1047198
3.13426,-0.1036726
3.13426,-0.1015782
3.13112,-0.0994838
3.13112,-0.0973894
3.12903,-0.095295
3.12903,-0.0911062
3.12693,-0.0890118
3.12693,-0.084823
3.12798,-0.0837758
3.12798,-0.0774926
3.12693,-0.0764454
3.12693,-0.0680678
3.12588,-0.0670206
3.11646,-0.0607374
3.11122,-0.0607374
3.10599,-0.0565486
3.09237,-0.0502654
3.08819,-0.0460766
3.0819,-0.036652
3.06096,-0.0356048
3.05258,-0.0272272
3.05153,-0.0251328
3.05153,-0.0230384
3.05258,-0.0219912
3.05468,-0.0219912
3.06934,-0.0303688
3.08295,-0.031416
3.09342,-0.0356048
3.10285,-0.0356048
3.10913,-0.042935
3.11227,-0.0439822
3.13531,-0.0439822
3.13636,-0.042935
3.14055,-0.0439822
3.14159,-0.0439822